Timestamp,File Name,File Size(Byte),Prepocess Time(ms),Inference Time (ms),Transmission Time (ms),Latency (ms),Idle Cost (CNY),Trigger Cost(CNY)
1,101_0.jpg,26014,6.86316,53.53233,20.8112,81.20669,1.77E-05,0.00027307
2,101_1.jpg,3892,2.41767,46.27375,3.1136,51.80502,2.65E-06,0.000220345
3,101_2.jpg,161858,11.05024,46.10222,129.4864,186.63886,0.000110084,0.00025846
4,101_3.jpg,28530,4.4439,45.49672,22.824,72.76462,1.94E-05,0.000225973
5,101_4.jpg,4386,2.57335,29.32119,3.5088,35.40334,2.98E-06,0.000144679
6,101_5.jpg,144935,14.33556,31.30439,115.948,161.58795,9.86E-05,0.000206599
7,101_6.jpg,130450,10.2169,36.97175,104.36,151.54865,8.87E-05,0.000213575
8,101_7.jpg,78088,6.26471,47.91312,62.4704,116.64822,5.31E-05,0.00024506
9,102_0.jpg,161534,10.87985,31.84258,129.2272,171.94963,0.000109864,0.000193456
10,102_1.jpg,14891,3.00448,36.83663,11.9128,51.75391,1.01E-05,0.000180476
11,102_2.jpg,5897,2.44171,120.61358,4.7176,127.77289,4.01E-06,0.000555339
12,102_3.jpg,155836,13.814,52.03551,124.6688,190.51831,0.000105988,0.000297639
13,102_4.jpg,177196,13.04617,40.77168,141.7568,195.57465,0.000120516,0.000243439
14,102_5.jpg,33399,3.58177,34.23211,26.7192,64.53309,2.27E-05,0.000171344
15,103_0.jpg,26765,4.0367,64.70337,21.412,90.15207,1.82E-05,0.00031066
16,103_1.jpg,135348,9.6152,45.6138,108.2784,163.5074,9.21E-05,0.000249796
17,103_2.jpg,15550,3.02129,34.00533,12.44,49.46662,1.06E-05,0.000167798
18,103_3.jpg,8694,2.86097,13.37834,6.9552,23.19451,5.91E-06,7.42E-05
19,103_4.jpg,145391,11.27086,38.80791,116.3128,166.39157,9.89E-05,0.000226595
20,103_5.jpg,125774,14.52295,26.98007,100.6192,142.12222,8.55E-05,0.000187963
21,103_6.jpg,61234,5.00875,34.86557,48.9872,88.86152,4.16E-05,0.000180626
22,104_0.jpg,15853,3.49206,36.51009,12.6824,52.68455,1.08E-05,0.000181202
23,104_1.jpg,118560,10.02538,38.75093,94.848,143.62431,8.06E-05,0.000220728
24,104_2.jpg,16436,4.01002,15.26579,13.1488,32.4246,1.12E-05,8.78E-05
25,104_3.jpg,6599,2.32743,32.25498,5.2792,39.86161,4.49E-06,0.000156787
26,104_4.jpg,160750,15.35821,41.12624,128.6,185.08445,0.000109331,0.000255451
27,104_5.jpg,162997,12.12062,40.33465,130.3976,182.85287,0.000110859,0.000237301
28,104_6.jpg,45340,4.26094,34.61697,36.272,75.14991,3.08E-05,0.000176137
29,105_0.jpg,11477,2.76876,40.41542,9.1816,52.36579,7.81E-06,0.000195536
30,105_1.jpg,128775,9.88318,38.1373,103.02,151.04047,8.76E-05,0.000217323
31,105_2.jpg,16677,3.24152,13.28551,13.3416,29.86863,1.13E-05,7.55E-05
32,105_3.jpg,39588,4.17762,36.33292,31.6704,72.18094,2.69E-05,0.000183492
33,105_4.jpg,117370,10.13918,35.89666,93.896,139.93184,7.98E-05,0.000208382
34,105_5.jpg,126286,9.57043,69.58057,101.0288,180.1798,8.59E-05,0.000357559
35,105_6.jpg,36245,3.79281,33.92709,28.996,66.7159,2.47E-05,0.000170921
36,106_0.jpg,10410,2.95526,18.02449,8.328,29.30774,7.08E-06,9.55E-05
37,106_1.jpg,118933,8.81046,35.67736,95.1464,139.63422,8.09E-05,0.000201409
38,106_2.jpg,16704,4.04478,13.0918,13.3632,30.49977,1.14E-05,7.82E-05
39,106_3.jpg,38964,4.20432,16.12862,31.1712,51.50414,2.65E-05,9.26E-05
40,106_4.jpg,163397,16.80111,41.26767,130.7176,188.78638,0.000111131,0.000262588
41,106_5.jpg,139966,10.14307,29.83813,111.9728,151.954,9.52E-05,0.000181107
42,106_6.jpg,37557,3.97749,20.36259,30.0456,54.38568,2.55E-05,0.000110647
43,107_0.jpg,14309,2.87911,14.05282,11.4472,28.37914,9.73E-06,7.73E-05
44,107_1.jpg,96367,8.29866,41.69454,77.0936,127.0868,6.55E-05,0.000226209
45,107_2.jpg,27117,3.80647,34.28339,21.6936,59.78346,1.84E-05,0.000172587
46,107_3.jpg,154811,14.37685,56.32769,123.8488,194.55334,0.000105291,0.00031951
47,107_4.jpg,199734,19.31647,40.25224,159.7872,219.35591,0.000135845,0.000269345
48,107_5.jpg,158960,11.61898,41.23143,127.168,180.01841,0.000108113,0.000239081
49,107_6.jpg,65452,5.46896,35.33589,52.3616,93.16645,4.45E-05,0.000184818
50,108_0.jpg,21648,4.55508,15.77691,17.3184,37.65038,1.47E-05,9.26E-05
51,108_1.jpg,103112,8.12346,35.99562,82.4896,126.60868,7.01E-05,0.000199748
52,108_2.jpg,24978,3.77306,16.49941,19.9824,40.25487,1.70E-05,9.23E-05
53,108_3.jpg,165749,11.96887,40.85813,132.5992,185.4262,0.000112731,0.000238975
54,108_4.jpg,208357,17.70259,39.5246,166.6856,223.91279,0.000141709,0.000258797
55,108_5.jpg,129020,9.7759,37.74262,103.216,150.73452,8.78E-05,0.000215061
56,108_6.jpg,70470,5.87598,35.08325,56.376,97.33523,4.79E-05,0.000185513
57,109_0.jpg,27471,5.97737,15.5747,21.9768,43.52886,1.87E-05,9.81E-05
58,109_1.jpg,121270,9.12681,36.89233,97.016,143.03514,8.25E-05,0.000208307
59,109_2.jpg,4595,2.25137,13.1911,3.676,19.11846,3.13E-06,7.06E-05
60,109_3.jpg,162871,13.33839,43.97545,130.2968,187.61064,0.000110773,0.000259187
61,109_4.jpg,218400,18.38977,42.01328,174.72,235.12305,0.00014854,0.000273104
62,109_5.jpg,63575,7.95977,35.05627,50.86,93.87603,4.32E-05,0.000194779
63,109_6.jpg,133866,9.96601,23.72954,107.0928,140.78835,9.10E-05,0.000152792
64,109_7.jpg,73264,6.57662,40.54121,58.6112,105.72902,4.98E-05,0.000213256
65,110_0.jpg,2743,2.25944,12.63913,2.1944,17.09297,1.87E-06,6.81E-05
66,110_1.jpg,150309,10.59151,29.33676,120.2472,160.17548,0.000102229,0.000180869
67,110_2.jpg,22718,5.19057,31.14477,18.1744,54.50974,1.55E-05,0.000164683
68,110_3.jpg,158621,17.77096,46.98087,126.8968,191.64863,0.000107883,0.000292694
69,110_4.jpg,39021,5.5299,18.86894,31.2168,55.61564,2.65E-05,0.000110912
70,110_5.jpg,125907,16.68464,39.49261,100.7256,156.90285,8.56E-05,0.000254067
71,110_6.jpg,132773,11.27479,25.42734,106.2184,142.92053,9.03E-05,0.000166336
72,110_7.jpg,69438,6.10096,18.44551,55.5504,80.09687,4.72E-05,0.000111577
73,111_0.jpg,8534,2.56066,12.83615,6.8272,22.22401,5.80E-06,7.04E-05
74,111_1.jpg,82610,6.76832,36.87509,66.088,109.73141,5.62E-05,0.000197605
75,111_2.jpg,17620,5.98882,13.97689,14.096,34.06171,1.20E-05,9.09E-05
76,111_3.jpg,173203,12.3036,32.35603,138.5624,183.22202,0.0001178,0.000202183
77,111_4.jpg,49565,4.77322,29.18665,39.652,73.61187,3.37E-05,0.000153982
78,111_5.jpg,131796,16.02641,60.64733,105.4368,182.11053,8.96E-05,0.0003464
79,111_6.jpg,147743,10.73653,40.3625,118.1944,169.29342,0.000100484,0.000231191
80,111_7.jpg,57778,8.48848,36.36222,46.2224,91.07309,3.93E-05,0.000203043
81,112_0.jpg,10707,5.08873,35.79563,8.5656,49.44996,7.28E-06,0.000185176
82,112_1.jpg,154987,10.88802,37.65963,123.9896,172.53725,0.000105411,0.000219697
83,112_2.jpg,18400,3.22814,13.46079,14.72,31.40893,1.25E-05,7.62E-05
84,112_3.jpg,35772,5.27714,30.66449,28.6176,64.55924,2.43E-05,0.00016291
85,112_4.jpg,144860,10.42097,22.32701,115.888,148.63599,9.85E-05,0.000148523
86,112_5.jpg,70470,6.03067,34.52367,56.376,96.93034,4.79E-05,0.000183689
87,112_6.jpg,57544,8.25128,37.73898,46.0352,92.02546,3.91E-05,0.000208177
88,112_7.jpg,132922,10.18923,29.34954,106.3376,145.87637,9.04E-05,0.000179114
89,112_8.jpg,60572,5.52275,40.67808,48.4576,94.65842,4.12E-05,0.000209125
90,113_0.jpg,10117,3.36026,22.7159,8.0936,34.16976,6.88E-06,0.000118468
91,113_1.jpg,180602,13.28759,36.32777,144.4816,194.09696,0.000122832,0.000224507
92,113_2.jpg,22423,3.54199,15.22233,17.9384,36.70272,1.53E-05,8.55E-05
93,113_3.jpg,38462,5.55551,35.21219,30.7696,71.5373,2.62E-05,0.00018465
94,113_4.jpg,81497,6.75032,35.86901,65.1976,107.81693,5.54E-05,0.000192992
95,113_5.jpg,80515,8.45353,39.1819,64.412,112.04743,5.48E-05,0.000215588
96,113_6.jpg,56365,7.96649,36.52871,45.092,89.5872,3.83E-05,0.000201442
97,113_7.jpg,122266,9.55681,41.00125,97.8128,148.37087,8.32E-05,0.000228754
98,113_8.jpg,59023,5.13573,17.75804,47.2184,70.11217,4.01E-05,0.000104132
99,114_0.jpg,26527,3.64129,36.79151,21.2216,61.6544,1.80E-05,0.000183142
100,114_1.jpg,69444,8.74247,42.51128,55.5552,106.80895,4.72E-05,0.000231888
101,114_2.jpg,12152,2.80865,33.42558,9.7216,45.95583,8.26E-06,0.000164228
102,114_3.jpg,42288,5.76494,34.86638,33.8304,74.46172,2.88E-05,0.000184036
103,114_4.jpg,71619,7.27713,22.05713,57.2952,86.62946,4.87E-05,0.000133145
104,114_5.jpg,105645,8.44158,35.87457,84.516,128.83214,7.19E-05,0.000200635
105,114_6.jpg,54329,8.26658,20.1903,43.4632,71.92008,3.70E-05,0.000129193
106,114_7.jpg,110237,8.68523,41.54563,88.1896,138.42046,7.50E-05,0.00022728
107,114_8.jpg,55130,5.04965,16.16397,44.104,65.31762,3.75E-05,9.66E-05
108,115_0.jpg,8626,2.65456,17.02526,6.9008,26.58062,5.87E-06,8.97E-05
109,115_1.jpg,58968,5.39746,34.7531,47.1744,87.32495,4.01E-05,0.00018187
110,115_2.jpg,1820,2.20507,27.09832,1.456,30.75939,1.24E-06,0.000133006
111,115_3.jpg,43047,5.56745,40.6071,34.4376,80.61216,2.93E-05,0.000209007
112,115_4.jpg,134330,10.0377,37.62978,107.464,155.13149,9.14E-05,0.000215732
113,115_5.jpg,108919,8.59406,25.41679,87.1352,121.14605,7.41E-05,0.000154212
114,115_6.jpg,58319,8.53993,38.98371,46.6552,94.17883,3.97E-05,0.000215084
115,115_7.jpg,116175,9.71622,48.04087,92.94,150.69709,7.90E-05,0.000261184
116,115_8.jpg,55739,5.66494,16.73549,44.5912,66.99163,3.79E-05,0.000101909
117,116_0.jpg,6029,2.48828,44.78989,4.8232,52.10137,4.10E-06,0.000213979
118,116_1.jpg,1455,1.7267,10.7948,1.164,13.68549,9.90E-07,5.74E-05
119,116_10.jpg,1900,2.73007,47.36427,1.52,51.61434,1.29E-06,0.000226665
120,116_2.jpg,67271,6.93053,20.9964,53.8168,81.74373,4.58E-05,0.000126805
121,116_3.jpg,887,1.76046,10.61067,0.7096,13.08072,6.03E-07,5.67E-05
122,116_4.jpg,36845,6.29664,46.70788,29.476,82.48052,2.51E-05,0.000239775
123,116_5.jpg,132523,16.26321,30.22016,106.0184,152.50177,9.01E-05,0.000210398
124,116_6.jpg,113220,9.18599,26.97247,90.576,126.73445,7.70E-05,0.000163887
125,116_7.jpg,71023,9.82007,37.52678,56.8184,104.16525,4.83E-05,0.000214288
126,116_8.jpg,103940,8.80813,44.90739,83.152,136.86752,7.07E-05,0.000242978
127,116_9.jpg,56066,5.67157,43.98077,44.8528,94.50514,3.81E-05,0.000224674
128,117_0.jpg,3168,2.0503,46.50399,2.5344,51.08869,2.15E-06,0.000219727
129,117_1.jpg,2641,2.46249,42.95406,2.1128,47.52936,1.80E-06,0.000205593
130,117_2.jpg,75064,6.70425,17.53913,60.0512,84.29458,5.11E-05,0.000110212
131,117_3.jpg,33543,4.99015,39.21214,26.8344,71.03669,2.28E-05,0.000200122
132,117_4.jpg,132923,14.35146,32.44145,106.3384,153.1313,9.04E-05,0.000211793
133,117_5.jpg,169204,17.27756,47.4234,135.3632,200.06416,0.00011508,0.000292465
134,117_6.jpg,47007,9.20783,37.10492,37.6056,83.91835,3.20E-05,0.00020963
135,117_7.jpg,149733,10.73251,42.59601,119.7864,173.11491,0.000101838,0.000241234
136,117_8.jpg,14250,2.83531,37.54441,11.4,51.77971,9.69E-06,0.000182903
137,117_9.jpg,7572,2.5793,21.24807,6.0576,29.88497,5.15E-06,0.000108338
138,118_0.jpg,5244,2.48661,14.31274,4.1952,20.99454,3.57E-06,7.67E-05
139,118_1.jpg,1103,1.78553,25.66214,0.8824,28.33006,7.50E-07,0.000124646
140,118_10.jpg,12576,8.77795,45.71286,10.0608,64.55161,8.55E-06,0.00024647
141,118_2.jpg,135288,14.41379,24.31116,108.2304,146.95535,9.20E-05,0.000175448
142,118_3.jpg,13551,2.77883,94.27858,10.8408,107.89822,9.22E-06,0.000438224
143,118_4.jpg,26945,4.52988,15.78966,21.556,41.87555,1.83E-05,9.25E-05
144,118_5.jpg,130913,10.21751,39.92825,104.7304,154.87616,8.90E-05,0.000226897
145,118_6.jpg,166666,17.178,42.48539,133.3328,192.99619,0.000113354,0.000269772
146,118_7.jpg,8756,2.6758,171.81453,7.0048,181.49513,5.96E-06,0.000787044
147,118_8.jpg,114946,8.96335,27.43129,91.9568,128.35144,7.82E-05,0.000164951
148,118_9.jpg,51406,4.25746,15.26057,41.1248,60.64283,3.50E-05,8.89E-05
149,119_0.jpg,1390,1.76727,10.57976,1.112,13.45903,9.45E-07,5.66E-05
150,119_1.jpg,1232,1.96639,13.23232,0.9856,16.18432,8.38E-07,6.95E-05
151,119_10.jpg,16112,3.80871,33.13466,12.8896,49.83296,1.10E-05,0.000167422
152,119_2.jpg,113063,12.68093,36.32955,90.4504,139.46088,7.69E-05,0.000221782
153,119_3.jpg,18118,5.66641,16.50316,14.4944,36.66397,1.23E-05,0.000100869
154,119_4.jpg,20845,3.40402,24.84058,16.676,44.9206,1.42E-05,0.000128236
155,119_5.jpg,122683,9.04612,27.00489,98.1464,134.19741,8.34E-05,0.000163403
156,119_6.jpg,170309,16.32929,40.3865,136.2472,192.96298,0.000115832,0.000256493
157,119_7.jpg,1115,1.69506,10.56324,0.892,13.1503,7.58E-07,5.62E-05
158,119_8.jpg,119131,9.17289,27.63197,95.3048,132.10965,8.10E-05,0.000166798
159,119_9.jpg,37626,3.73637,15.48166,30.1008,49.31882,2.56E-05,8.76E-05
160,120_0.jpg,83389,7.63107,34.87223,66.7112,109.2145,5.67E-05,0.000192469
161,120_1.jpg,87549,7.55134,40.84456,70.0392,118.43509,5.95E-05,0.000219014
162,120_2.jpg,3316,3.04483,17.31682,2.6528,23.01445,2.26E-06,9.27E-05
163,120_3.jpg,108281,8.73503,28.04952,86.6248,123.40935,7.36E-05,0.000166707
164,120_4.jpg,73772,9.23719,43.29424,59.0176,111.54902,5.02E-05,0.000237644
165,120_5.jpg,159402,11.90393,38.04456,127.5216,177.47009,0.000108414,0.000226008
166,120_6.jpg,35724,4.13881,17.48704,28.5792,50.20505,2.43E-05,9.84E-05
167,120_7.jpg,18785,3.8943,33.28103,15.028,52.20333,1.28E-05,0.000168467
168,121_0.jpg,101653,8.22681,37.12285,81.3224,126.67206,6.91E-05,0.000205291
169,121_1.jpg,87615,12.14383,26.41333,70.092,108.64916,5.96E-05,0.000174692
170,121_2.jpg,108750,9.40784,27.07955,87,123.4874,7.40E-05,0.000165368
171,121_3.jpg,84314,8.69523,37.36282,67.4512,113.50925,5.73E-05,0.000208482
172,121_4.jpg,125459,9.84455,30.39686,100.3672,140.60861,8.53E-05,0.000182279
173,121_5.jpg,42033,6.16468,14.638,33.6264,54.42909,2.86E-05,9.47E-05
174,121_6.jpg,16037,3.52512,35.73843,12.8296,52.09314,1.09E-05,0.000177874
175,122_0.jpg,11338,4.04589,33.35293,9.0704,46.46922,7.71E-06,0.000169474
176,122_1.jpg,106034,8.77311,35.15163,84.8272,128.75194,7.21E-05,0.000198872
177,122_2.jpg,46651,5.48431,16.83794,37.3208,59.64305,3.17E-05,0.000101557
178,122_3.jpg,78664,8.06193,51.08229,62.9312,122.07542,5.35E-05,0.000267433
179,122_4.jpg,111096,15.75105,53.35718,88.8768,157.98503,7.56E-05,0.000312319
180,122_5.jpg,159785,14.34685,38.87113,127.828,181.04598,0.000108674,0.000240736
181,122_6.jpg,29535,3.83299,40.60059,23.628,68.06158,2.01E-05,0.000201164
182,122_7.jpg,16177,3.79619,15.23679,12.9416,31.97458,1.10E-05,8.67E-05
183,123_0.jpg,1050,6.77424,13.39973,0.84,21.01397,7.14E-07,9.19E-05
184,123_1.jpg,19764,4.42726,49.95176,15.8112,70.19022,1.34E-05,0.000245967
185,123_2.jpg,107871,8.63629,28.47664,86.2968,123.40974,7.34E-05,0.000168186
186,123_3.jpg,47295,5.79135,43.18343,37.836,86.81078,3.22E-05,0.000221622
187,123_4.jpg,141970,12.21233,54.59006,113.576,180.3784,9.66E-05,0.000301931
188,123_5.jpg,122559,15.32414,39.00601,98.0472,152.37735,8.34E-05,0.000245746
189,123_6.jpg,819,2.11329,12.40731,0.6552,15.1758,5.57E-07,6.64E-05
190,123_7.jpg,153670,12.22978,36.71382,122.936,171.8796,0.000104515,0.000221481
191,123_8.jpg,48098,4.7655,37.97702,38.4784,81.22092,3.27E-05,0.000193547
192,123_9.jpg,16069,3.75187,17.01478,12.8552,33.62185,1.09E-05,9.45E-05
193,124_0.jpg,30883,5.1603,38.97872,24.7064,68.84542,2.10E-05,0.000199837
194,124_1.jpg,119738,8.96093,28.04584,95.7904,132.79717,8.14E-05,0.000167708
195,124_2.jpg,47504,12.32688,47.77962,38.0032,98.1097,3.23E-05,0.000271768
196,124_3.jpg,162559,13.24728,43.69692,130.0472,186.9914,0.000110561,0.000257522
197,124_4.jpg,147041,18.30348,52.99087,117.6328,188.92715,0.000100007,0.000322167
198,124_5.jpg,106505,10.52563,34.80514,85.204,130.53477,7.24E-05,0.000205206
199,124_6.jpg,58786,7.68969,48.08659,47.0288,102.80508,4.00E-05,0.000252261
200,124_7.jpg,16346,4.7832,48.90517,13.0768,66.76517,1.11E-05,0.000242855
201,125_0.jpg,40288,4.83582,41.98507,32.2304,79.05128,2.74E-05,0.000211919
202,125_1.jpg,137368,11.70637,51.47814,109.8944,173.07891,9.34E-05,0.000285634
203,125_2.jpg,42992,6.56676,26.8971,34.3936,67.85746,2.92E-05,0.000151748
204,125_3.jpg,161443,13.01773,34.21916,129.1544,176.39128,0.000109802,0.000213793
205,125_4.jpg,125175,12.1333,50.50904,100.14,162.78234,8.51E-05,0.000283191
206,125_5.jpg,12525,3.73752,50.42026,10.02,64.17778,8.52E-06,0.00024497
207,125_6.jpg,100130,9.39257,30.75815,80.104,120.25472,6.81E-05,0.000181871
208,125_7.jpg,145916,13.06016,40.91783,116.7328,170.71079,9.92E-05,0.00024416
209,125_8.jpg,3803,2.42732,14.4965,3.0424,19.96622,2.59E-06,7.72E-05
210,126_0.jpg,1140,2.33814,20.9433,0.912,24.19344,7.75E-07,0.000105878
211,126_1.jpg,8295,3.49157,18.48168,6.636,28.60925,5.64E-06,1.00E-04
212,126_2.jpg,157769,12.98778,56.79852,126.2152,196.00149,0.000107303,0.000315373
213,126_3.jpg,41273,6.19283,18.71761,33.0184,57.92884,2.81E-05,0.000113217
214,126_4.jpg,156050,11.58273,32.47577,124.84,168.8985,0.000106134,0.000199475
215,126_5.jpg,143741,14.17312,59.26393,114.9928,188.42985,9.78E-05,0.000331819
216,126_6.jpg,11506,3.63065,53.39581,9.2048,66.23126,7.83E-06,0.000257893
217,126_7.jpg,103797,10.55351,30.60582,83.0376,124.19693,7.06E-05,0.000186415
218,126_8.jpg,155019,13.42073,46.64838,124.0152,184.08431,0.000105433,0.000271599
219,127_0.jpg,10612,3.38821,15.75888,8.4896,27.63669,7.22E-06,8.73E-05
220,127_1.jpg,102594,9.99188,75.7442,82.0752,167.81128,6.98E-05,0.000387224
221,127_2.jpg,37427,5.70162,55.72448,29.9416,91.3677,2.55E-05,0.000277712
222,127_3.jpg,159710,20.4836,39.10419,127.768,187.35578,0.000108623,0.000269431
223,127_4.jpg,168743,21.16653,57.04231,134.9944,213.20324,0.000114767,0.000353315
224,127_5.jpg,13518,3.85336,49.76179,10.8144,64.42955,9.19E-06,0.000242526
225,127_6.jpg,101890,15.09134,64.072,81.512,160.67534,6.93E-05,0.000357615
226,127_7.jpg,163184,13.61122,26.21732,130.5472,170.37574,0.000110986,0.00018042
227,128_0.jpg,3926,2.3958,31.16534,3.1408,36.70194,2.67E-06,0.000152186
228,128_1.jpg,98153,8.64354,40.75327,78.5224,127.91921,6.68E-05,0.000223523
229,128_2.jpg,86539,8.49195,50.55336,69.2312,128.27651,5.89E-05,0.000266987
230,128_3.jpg,159202,11.59839,32.58165,127.3616,171.54164,0.000108278,0.000200022
231,128_4.jpg,114803,10.61941,34.54105,91.8424,137.00287,7.81E-05,0.000204439
232,128_5.jpg,13023,3.19989,16.46522,10.4184,30.08351,8.86E-06,8.96E-05
233,128_6.jpg,109561,9.49394,29.185,87.6488,126.32774,7.45E-05,0.000175241
234,128_7.jpg,127832,10.5225,40.24513,102.2656,153.03322,8.69E-05,0.000229698
235,129_0.jpg,10322,2.96837,32.78832,8.2576,44.0143,7.02E-06,0.000162077
236,129_1.jpg,968,1.94914,11.21326,0.7744,13.9368,6.58E-07,6.03E-05
237,129_2.jpg,163982,11.56806,31.4842,131.1856,174.23786,0.000111529,0.000194942
238,129_3.jpg,81631,7.36898,35.81977,65.3048,108.49355,5.55E-05,0.000195557
239,129_4.jpg,162607,11.69325,32.80884,130.0856,174.58769,0.000110594,0.000201473
240,129_5.jpg,4748,2.74832,14.26915,3.7984,20.81588,3.23E-06,7.77E-05
241,129_6.jpg,67876,9.33403,36.03966,54.3008,99.67449,4.62E-05,0.000205399
242,129_7.jpg,135185,10.34471,30.3357,108.148,148.82841,9.19E-05,0.000184257
243,129_8.jpg,152985,14.15216,40.57928,122.388,177.11943,0.000104049,0.000247554
244,130_0.jpg,33824,5.70401,16.01474,27.0592,48.77795,2.30E-05,9.88E-05
245,130_1.jpg,72517,10.34535,39.6574,58.0136,108.01636,4.93E-05,0.000226252
246,130_2.jpg,11689,3.72801,40.02994,9.3512,53.10915,7.95E-06,0.000198121
247,130_3.jpg,37753,6.42789,49.4637,30.2024,86.094,2.57E-05,0.00025278
248,130_4.jpg,74987,7.99924,47.02286,59.9896,115.0117,5.10E-05,0.000248864
249,130_5.jpg,154660,15.25665,37.6818,123.728,176.66645,0.000105189,0.000239477
250,130_6.jpg,5987,3.22126,19.47146,4.7896,27.48232,4.07E-06,0.000103226
251,130_7.jpg,65884,10.06589,50.39347,52.7072,113.16656,4.48E-05,0.000273357
252,130_8.jpg,109750,10.39288,32.67469,87.8,130.86757,7.46E-05,0.000195011
253,130_9.jpg,176291,14.29751,44.20571,141.0328,199.53602,0.0001199,0.000264545
254,131_0.jpg,7751,2.61241,13.05119,6.2008,21.86441,5.27E-06,7.16E-05
255,131_1.jpg,12303,2.8849,71.84726,9.8424,84.57456,8.37E-06,0.000337653
256,131_10.jpg,1303,1.99244,11.8168,1.0424,14.85165,8.86E-07,6.32E-05
257,131_2.jpg,13223,3.46466,40.48447,10.5784,54.52753,8.99E-06,0.000198982
258,131_3.jpg,86192,8.71739,54.84679,68.9536,132.51778,5.86E-05,0.000287344
259,131_4.jpg,70624,6.59403,17.57134,56.4992,80.66457,4.80E-05,0.00010986
260,131_5.jpg,128357,9.75456,43.03566,102.6856,155.47582,8.73E-05,0.000238809
261,131_6.jpg,38534,8.86506,36.82132,30.8272,76.51359,2.62E-05,0.000206808
262,131_7.jpg,72279,9.65451,37.11505,57.8232,104.59276,4.92E-05,0.000211688
263,131_8.jpg,121366,9.38588,28.3062,97.0928,134.78488,8.25E-05,0.000170795
264,131_9.jpg,159634,12.2128,34.85207,127.7072,174.77207,0.000108572,0.000213018
265,132_0.jpg,4977,2.09304,11.7521,3.9816,17.82673,3.38E-06,6.34E-05
266,132_1.jpg,11241,2.9584,14.56146,8.9928,26.51266,7.65E-06,7.99E-05
267,132_10.jpg,933,2.03372,41.86964,0.7464,44.64976,6.35E-07,0.000198776
268,132_2.jpg,12899,4.3568,16.42443,10.3192,31.10043,8.77E-06,9.46E-05
269,132_3.jpg,77399,7.28784,35.34331,61.9192,104.55035,5.26E-05,0.000193045
270,132_4.jpg,62959,6.1253,18.93848,50.3672,75.43098,4.28E-05,0.000113907
271,132_5.jpg,136215,10.99248,40.46663,108.972,160.43111,9.26E-05,0.000232813
272,132_6.jpg,33630,6.81898,36.85144,26.904,70.57443,2.29E-05,0.000197727
273,132_7.jpg,34492,5.70768,38.24885,27.5936,71.55014,2.35E-05,0.000199015
274,132_8.jpg,102613,8.69119,34.9243,82.0904,125.70589,6.98E-05,0.000197479
275,132_9.jpg,165343,14.4492,48.13535,132.2744,194.85895,0.000112454,0.000282931
276,133_0.jpg,7029,3.19071,47.74069,5.6232,56.5546,4.78E-06,0.000230436
277,133_1.jpg,54714,7.23402,50.27848,43.7712,101.2837,3.72E-05,0.000260082
278,133_2.jpg,8023,2.79626,35.12668,6.4184,44.34134,5.46E-06,0.000171835
279,133_3.jpg,98347,8.4773,42.24247,78.6776,129.39737,6.69E-05,0.000229482
280,133_4.jpg,54899,6.71322,38.55696,43.9192,89.18939,3.73E-05,0.000204933
281,133_5.jpg,135068,9.83873,27.78735,108.0544,145.68047,9.19E-05,0.000170498
282,133_6.jpg,41613,8.09326,47.30939,33.2904,88.69305,2.83E-05,0.000250578
283,133_7.jpg,32677,6.00638,15.65304,26.1416,47.80102,2.22E-05,9.86E-05
284,133_8.jpg,99474,8.19367,29.96659,79.5792,117.73946,6.77E-05,0.000172904
285,133_9.jpg,167238,14.92073,51.43587,133.7904,200.147,0.000113743,0.000299923
286,134_0.jpg,1159,1.90241,13.17327,0.9272,16.00289,7.88E-07,6.89E-05
287,134_1.jpg,85765,12.89096,39.81899,68.612,121.32196,5.83E-05,0.000238448
288,134_2.jpg,7230,4.23204,20.68768,5.784,30.70372,4.92E-06,0.000113258
289,134_3.jpg,88681,7.19563,17.08534,70.9448,95.22576,6.03E-05,0.000110381
290,134_4.jpg,40653,5.02361,24.13607,32.5224,61.68208,2.76E-05,0.000132359
291,134_5.jpg,154550,11.08901,30.89353,123.64,165.62255,0.000105114,0.000190123
292,134_6.jpg,39585,4.18496,15.49877,31.668,51.35173,2.69E-05,8.97E-05
293,134_7.jpg,23843,4.42462,31.23912,19.0744,54.73813,1.62E-05,0.000161658
294,134_8.jpg,115725,8.93382,32.40021,92.58,133.91403,7.87E-05,0.000187202
295,134_9.jpg,188566,14.70455,49.50744,150.8528,215.06478,0.000128249,0.000290262
296,135_0.jpg,1768,1.91112,12.16128,1.4144,15.4868,1.20E-06,6.44E-05
297,135_1.jpg,130809,14.10402,36.84202,104.6472,155.59323,8.90E-05,0.000230502
298,135_10.jpg,6067,2.50262,39.09167,4.8536,46.44789,4.13E-06,0.000188374
299,135_2.jpg,7411,3.5718,17.27507,5.9288,26.77567,5.04E-06,9.49E-05
300,135_3.jpg,74959,6.23214,42.23786,59.9672,108.43719,5.10E-05,0.000219348
301,135_4.jpg,30563,5.639,41.2243,24.4504,71.3137,2.08E-05,0.00021211
302,135_5.jpg,153429,13.98424,34.89464,122.7432,171.62208,0.000104351,0.00022119
303,135_6.jpg,35879,4.95108,19.42176,28.7032,53.07604,2.44E-05,0.000110795
304,135_7.jpg,3613,2.23372,37.43348,2.8904,42.5576,2.46E-06,0.000179693
305,135_8.jpg,126227,9.51938,27.77602,100.9816,138.277,8.59E-05,0.000169008
306,135_9.jpg,159442,13.70578,39.76464,127.5536,181.02402,0.000108441,0.000241874
307,136_0.jpg,126323,13.49699,45.85861,101.0584,160.414,8.59E-05,0.000268385
308,136_1.jpg,6095,3.23528,49.87422,4.876,57.9855,4.15E-06,0.000240248
309,136_2.jpg,54153,6.18391,49.80021,43.3224,99.30651,3.68E-05,0.000253197
310,136_3.jpg,28573,4.12131,44.95053,22.8584,71.93024,1.94E-05,0.000222059
311,136_4.jpg,157480,12.45669,32.39358,125.984,170.83427,0.000107107,0.000203041
312,136_5.jpg,39130,4.69714,100.15324,31.304,136.15439,2.66E-05,0.00047333
313,136_6.jpg,125588,9.58345,27.60665,100.4704,137.6605,8.54E-05,0.000168534
314,136_7.jpg,161816,16.3027,121.87228,129.4528,267.62779,0.000110056,0.000623451
315,137_0.jpg,92209,15.8077,47.63125,73.7672,137.20616,6.27E-05,0.00028678
316,137_1.jpg,60098,6.2419,17.86273,48.0784,72.18303,4.09E-05,0.000109587
317,137_2.jpg,70691,7.35815,42.93536,56.5528,106.8463,4.81E-05,0.000227562
318,137_3.jpg,169664,16.58067,85.37386,135.7312,237.68572,0.000115393,0.000460285
319,137_4.jpg,61288,7.09571,18.72063,49.0304,74.84673,4.17E-05,0.000117297
320,137_5.jpg,117249,9.19335,30.73846,93.7992,133.73102,7.97E-05,0.000180885
321,137_6.jpg,126092,17.25421,45.61823,100.8736,163.74604,8.58E-05,0.000284228
322,138_0.jpg,127116,17.25604,57.44,101.6928,176.38884,8.65E-05,0.000337491
323,138_1.jpg,68585,12.66747,52.62966,54.868,120.16513,4.66E-05,0.00029515
324,138_2.jpg,59438,7.17481,44.65708,47.5504,99.38228,4.04E-05,0.000234492
325,138_3.jpg,132382,11.4772,30.75865,105.9056,148.14145,9.00E-05,0.000191264
326,138_4.jpg,81919,8.33478,24.60096,65.5352,98.47094,5.57E-05,0.000149369
327,138_5.jpg,122896,10.77235,31.05968,98.3168,140.14883,8.36E-05,0.000189445
328,138_6.jpg,133560,12.72224,56.47106,106.848,176.0413,9.08E-05,0.000312702
329,139_0.jpg,149850,18.76434,65.75126,119.88,204.39559,0.000101917,0.000381726
330,139_1.jpg,120563,10.63881,31.53155,96.4504,138.62076,8.20E-05,0.000190969
331,139_2.jpg,33481,5.16631,49.97939,26.7848,81.9305,2.28E-05,0.00024942
332,139_3.jpg,162855,13.60094,35.21537,130.284,179.10031,0.000110762,0.000220908
333,139_4.jpg,71989,7.48677,43.91058,57.5912,108.98854,4.90E-05,0.000232535
334,139_5.jpg,122963,11.2966,31.0349,98.3704,140.7019,8.36E-05,0.000191695
335,139_6.jpg,98386,10.00459,49.86879,78.7088,138.58218,6.69E-05,0.000270718
336,140_0.jpg,1695,2.4838,20.29309,1.356,24.13288,1.15E-06,0.000103605
337,140_1.jpg,88658,11.07381,33.41625,70.9264,115.41646,6.03E-05,0.000201419
338,140_2.jpg,119616,10.3451,53.00494,95.6928,159.04284,8.14E-05,0.000286379
339,140_3.jpg,72757,8.64137,43.39651,58.2056,110.24348,4.95E-05,0.00023542
340,140_4.jpg,128083,12.21452,39.44546,102.4664,154.12638,8.71E-05,0.000233718
341,140_5.jpg,98335,9.34231,50.89501,78.668,138.90532,6.69E-05,0.000272357
342,140_6.jpg,118480,11.16399,34.44568,94.784,140.39368,8.06E-05,0.000206462
343,140_7.jpg,109552,10.89086,48.63453,87.6416,147.16699,7.45E-05,0.00026915
344,140_8.jpg,789,2.32912,20.46502,0.6312,23.42535,5.37E-07,0.000103683
345,141_0.jpg,3225,2.57815,14.31865,2.58,19.47679,2.19E-06,7.71E-05
346,141_1.jpg,12593,3.84565,28.23406,10.0744,42.1541,8.56E-06,0.000145513
347,141_2.jpg,86763,8.16557,50.42669,69.4104,128.00267,5.90E-05,0.000264946
348,141_3.jpg,67861,13.73653,48.02263,54.2888,116.04796,4.62E-05,0.000279213
349,141_4.jpg,117330,10.55886,49.53932,93.864,153.96219,7.98E-05,0.00027173
350,141_5.jpg,109541,10.06476,28.54883,87.6328,126.24639,7.45E-05,0.000174947
351,141_6.jpg,119692,10.85236,31.92878,95.7536,138.53474,8.14E-05,0.00019372
352,141_7.jpg,130011,19.84459,47.56517,104.0088,171.41856,8.84E-05,0.000304667
353,141_8.jpg,1265,2.54733,19.81927,1.012,23.3786,8.60E-07,0.000101757
354,142_0.jpg,3048,2.51976,17.93507,2.4384,22.89322,2.07E-06,9.31E-05
355,142_1.jpg,55713,8.98754,31.2033,44.5704,84.76125,3.79E-05,0.000182052
356,142_2.jpg,87704,6.4591,28.7369,70.1632,105.35919,5.96E-05,0.000159551
357,142_3.jpg,81056,12.23891,37.18303,64.8448,114.26674,5.51E-05,0.000223636
358,142_4.jpg,91099,7.68289,36.90311,72.8792,117.4652,6.20E-05,0.000201851
359,142_5.jpg,118308,8.75109,33.6377,94.6464,137.03518,8.05E-05,0.000191953
360,142_6.jpg,121867,9.19822,26.63378,97.4936,133.32559,8.29E-05,0.000162416
361,142_7.jpg,51884,6.52384,25.20464,41.5072,73.23568,3.53E-05,0.00014393
362,142_8.jpg,15446,3.71505,39.64537,12.3568,55.71722,1.05E-05,0.00019633
363,143_0.jpg,1912,2.38479,34.98421,1.5296,38.8986,1.30E-06,0.00016934
364,143_1.jpg,36711,7.07238,48.47028,29.3688,84.91145,2.50E-05,0.000251209
365,143_2.jpg,121511,9.91561,28.22067,97.2088,135.34508,8.26E-05,0.000172796
366,143_3.jpg,92358,13.1486,33.19029,73.8864,120.22529,6.28E-05,0.000209747
367,143_4.jpg,74983,6.20096,34.6114,59.9864,100.79876,5.10E-05,0.000184852
368,143_5.jpg,137842,11.75087,51.33424,110.2736,173.35871,9.38E-05,0.000285186
369,143_6.jpg,134842,10.40062,24.18085,107.8736,142.45507,9.17E-05,0.000156783
370,143_7.jpg,47819,3.94302,16.45856,38.2552,58.65679,3.25E-05,9.29E-05
371,143_8.jpg,14064,5.09844,33.23231,11.2512,49.58194,9.57E-06,0.000173672
372,144_0.jpg,12413,5.45037,23.35534,9.9304,38.73611,8.44E-06,0.000130764
373,144_1.jpg,105697,7.89578,18.49258,84.5576,110.94596,7.19E-05,0.000119874
374,144_2.jpg,139272,16.60095,38.85731,111.4176,166.87586,9.47E-05,0.000250828
375,144_3.jpg,81022,10.56968,17.22661,64.8176,92.61389,5.51E-05,0.000126217
376,144_4.jpg,105831,8.17215,26.86773,84.6648,119.70468,7.20E-05,0.000158848
377,144_5.jpg,146328,10.73311,31.91651,117.0624,159.71203,9.95E-05,0.000193128
378,144_6.jpg,58342,4.78147,28.95891,46.6736,80.41398,3.97E-05,0.000152994
379,144_7.jpg,13116,4.49089,31.74316,10.4928,46.72684,8.92E-06,0.000164227
380,145_0.jpg,9637,3.79187,14.33579,7.7096,25.83726,6.55E-06,8.27E-05
381,145_1.jpg,5478,2.52315,29.49645,4.3824,36.402,3.73E-06,0.000145242
382,145_2.jpg,103187,7.54118,21.99925,82.5496,112.09004,7.02E-05,0.000134074
383,145_3.jpg,118163,10.28023,37.46558,94.5304,142.27621,8.04E-05,0.000216085
384,145_4.jpg,74199,7.0892,18.05627,59.3592,84.50467,5.05E-05,0.000114275
385,145_5.jpg,130914,12.66131,38.84127,104.7312,156.23378,8.90E-05,0.000233009
386,145_6.jpg,118888,9.45758,27.64281,95.1104,132.21078,8.09E-05,0.00016813
387,145_7.jpg,57960,12.71224,39.63456,46.368,98.7148,3.94E-05,0.000236812
388,145_8.jpg,16582,4.10607,39.98604,13.2656,57.35771,1.13E-05,0.000199626
389,146_0.jpg,14683,2.94761,38.43154,11.7464,53.12555,9.99E-06,0.000187405
390,146_1.jpg,92648,10.98593,29.06382,74.1184,114.16815,6.30E-05,0.000181416
391,146_2.jpg,114351,14.20526,32.39762,91.4808,138.08368,7.78E-05,0.000210937
392,146_3.jpg,81991,6.74603,16.91468,65.5928,89.25351,5.58E-05,0.000107587
393,146_4.jpg,144397,10.73693,32.25644,115.5176,158.51097,9.82E-05,0.000194677
394,146_5.jpg,120841,11.11073,30.77226,96.6728,138.5558,8.22E-05,0.000189675
395,146_6.jpg,53014,6.24584,51.05031,42.4112,99.70735,3.61E-05,0.000259108
396,146_7.jpg,19080,4.28306,23.2935,15.264,42.84056,1.30E-05,0.000125227
397,147_0.jpg,16056,3.23567,14.67255,12.8448,30.75303,1.09E-05,8.17E-05
398,147_1.jpg,105786,7.82385,19.1062,84.6288,111.55885,7.19E-05,0.000122314
399,147_2.jpg,119915,10.8544,40.8951,95.932,147.6815,8.16E-05,0.000234121
400,147_3.jpg,94154,9.09046,31.53404,75.3232,115.9477,6.40E-05,0.000184005
401,147_4.jpg,142853,11.44406,32.68395,114.2824,158.4104,9.72E-05,0.000199788
402,147_5.jpg,123800,12.13975,30.0403,99.04,141.22005,8.42E-05,0.000191013
403,147_6.jpg,57041,9.02296,15.56611,45.6328,70.22186,3.88E-05,0.000111769
404,147_7.jpg,14922,7.57321,13.838,11.9376,33.3488,1.01E-05,9.75E-05
405,148_0.jpg,24362,6.06487,15.57127,19.4896,41.12573,1.66E-05,9.85E-05
406,148_1.jpg,107347,7.78224,18.96774,85.8776,112.62758,7.30E-05,0.000121503
407,148_2.jpg,128210,15.27102,31.61932,102.568,149.45834,8.72E-05,0.000212232
408,148_3.jpg,1158,1.82652,11.98042,0.9264,14.73334,7.88E-07,6.32E-05
409,148_4.jpg,88052,7.06636,35.01737,70.4416,112.52533,5.99E-05,0.000190579
410,148_5.jpg,147299,12.29419,31.99413,117.8392,162.12752,0.000100182,0.00020051
411,148_6.jpg,151758,17.10707,30.59339,121.4064,169.10686,0.000103215,0.000215881
412,148_7.jpg,56164,4.92115,15.21689,44.9312,65.06923,3.82E-05,9.17E-05
413,148_8.jpg,4007,2.06605,28.9251,3.2056,34.19674,2.73E-06,0.000140609
414,149_0.jpg,28634,3.67403,27.80759,22.9072,54.38882,1.95E-05,0.000142818
415,149_1.jpg,3204,1.96704,15.38539,2.5632,19.91563,2.18E-06,7.92E-05
416,149_2.jpg,128210,12.86028,26.72094,102.568,142.14921,8.72E-05,0.000179305
417,149_3.jpg,46384,8.74202,27.44658,37.1072,73.2958,3.15E-05,0.000164022
418,149_4.jpg,100450,8.80634,40.56492,80.36,129.73126,6.83E-05,0.000223408
419,149_5.jpg,187378,16.1632,53.76741,149.9024,219.83301,0.000127441,0.000316023
420,149_6.jpg,141118,10.16473,30.8359,112.8944,153.89503,9.60E-05,0.0001857
421,149_7.jpg,77484,6.18899,34.42518,61.9872,102.60138,5.27E-05,0.000183959
422,150_0.jpg,4343,2.37586,14.33619,3.4744,20.18644,2.95E-06,7.63E-05
423,150_1.jpg,11658,3.88993,15.7596,9.3264,28.97593,7.93E-06,8.95E-05
424,150_2.jpg,112368,8.23146,26.20574,89.8944,124.3316,7.64E-05,0.000156133
425,150_3.jpg,38162,4.59614,40.51431,30.5296,75.64004,2.60E-05,0.000204214
426,150_4.jpg,104214,9.82362,26.42189,83.3712,119.61672,7.09E-05,0.000164279
427,150_5.jpg,174496,14.05257,26.54361,139.5968,180.19298,0.00011868,0.000183878
428,150_6.jpg,157234,11.34055,38.15534,125.7872,175.28309,0.000106939,0.000223969
429,150_7.jpg,96200,9.08762,19.29206,76.96,105.33968,6.54E-05,0.000128845
430,151_0.jpg,2832,2.15407,12.57402,2.2656,16.99369,1.93E-06,6.73E-05
431,151_1.jpg,14971,3.47768,17.11742,11.9768,32.5719,1.02E-05,9.38E-05
432,151_2.jpg,121459,9.67746,26.80203,97.1672,133.64669,8.26E-05,0.000165333
433,151_3.jpg,30753,4.08441,16.03404,24.6024,44.72085,2.09E-05,9.16E-05
434,151_4.jpg,29991,4.12196,15.67019,23.9928,43.78495,2.04E-05,9.02E-05
435,151_5.jpg,232582,18.3466,38.17816,186.0656,242.59036,0.000158186,0.000255633
436,151_6.jpg,134044,10.35674,25.18836,107.2352,142.78031,9.12E-05,0.000161124
437,151_7.jpg,94754,10.88519,20.70994,75.8032,107.39833,6.44E-05,0.00014333
438,152_0.jpg,4279,3.44494,12.89778,3.4232,19.76592,2.91E-06,7.46E-05
439,152_1.jpg,979,1.76199,11.19118,0.7832,13.73637,6.66E-07,5.94E-05
440,152_2.jpg,20075,5.56413,36.82362,16.06,58.44774,1.37E-05,0.000191948
441,152_3.jpg,134694,9.76484,28.38631,107.7552,145.90635,9.16E-05,0.000172863
442,152_4.jpg,25659,3.59808,30.79577,20.5272,54.92105,1.75E-05,0.000155937
443,152_5.jpg,20094,3.85681,31.81033,16.0752,51.74235,1.37E-05,0.000161673
444,152_6.jpg,220891,19.93482,44.54635,176.7128,241.19397,0.000150234,0.000291475
445,152_7.jpg,162864,16.85661,40.75749,130.2912,187.9053,0.000110768,0.00026054
446,152_8.jpg,62240,5.81962,42.98254,49.792,98.59416,4.23E-05,0.000220844
447,153_0.jpg,4216,2.66483,15.25335,3.3728,21.29098,2.87E-06,8.17E-05
448,153_1.jpg,4424,2.59388,16.00754,3.5392,22.14062,3.01E-06,8.48E-05
449,153_2.jpg,21145,4.89367,18.20856,16.916,40.01823,1.44E-05,0.000105071
450,153_3.jpg,120057,9.54451,28.05414,96.0456,133.64426,8.17E-05,0.000170374
451,153_4.jpg,17307,3.50998,31.66878,13.8456,49.02436,1.18E-05,0.000159473
452,153_5.jpg,54420,6.34829,45.71599,43.536,95.60027,3.70E-05,0.000235539
453,153_6.jpg,223489,17.95074,41.99616,178.7912,238.7381,0.000152001,0.000271049
454,153_7.jpg,2777,2.35368,12.05695,2.2216,16.63223,1.89E-06,6.59E-05
455,153_8.jpg,90419,7.61653,22.92004,72.3352,102.87176,6.15E-05,0.000138561
456,153_9.jpg,76332,6.65115,17.74567,61.0656,85.46242,5.19E-05,0.000110903
457,154_0.jpg,3055,2.69684,12.99931,2.444,18.14014,2.08E-06,7.17E-05
458,154_1.jpg,8842,3.80377,19.76949,7.0736,30.64687,6.01E-06,0.000107193
459,154_2.jpg,25375,5.62676,33.38151,20.3,59.30827,1.73E-05,0.000176724
460,154_3.jpg,121768,9.7596,28.39928,97.4144,135.57328,8.28E-05,0.000172898
461,154_4.jpg,14512,2.99512,16.80371,11.6096,31.40843,9.87E-06,9.02E-05
462,154_5.jpg,68394,6.66812,38.56411,54.7152,99.94743,4.65E-05,0.000204762
463,154_6.jpg,230507,19.75916,40.35758,184.4056,244.52235,0.000156774,0.000271814
464,154_7.jpg,145380,10.67522,31.6897,116.304,158.66893,9.89E-05,0.000191846
465,154_8.jpg,63218,5.98411,43.10859,50.5744,99.6671,4.30E-05,0.000222153
466,155_0.jpg,1589,1.75344,11.24919,1.2712,14.27383,1.08E-06,5.96E-05
467,155_1.jpg,11031,2.68351,15.66444,8.8248,27.17275,7.50E-06,8.37E-05
468,155_2.jpg,25779,5.63439,17.47013,20.6232,43.72773,1.75E-05,0.000105081
469,155_3.jpg,124647,11.83175,28.08807,99.7176,139.63742,8.48E-05,0.000180831
470,155_4.jpg,21348,3.85664,16.09261,17.0784,37.02765,1.45E-05,9.09E-05
471,155_5.jpg,54732,5.93056,26.49019,43.7856,76.20635,3.72E-05,0.000147049
472,155_6.jpg,222845,16.79251,36.8688,178.276,231.93731,0.000151563,0.000242733
473,155_7.jpg,27707,4.64717,35.20044,22.1656,62.01322,1.88E-05,0.000180506
474,155_8.jpg,149007,13.38106,31.69581,119.2056,164.28247,0.000101344,0.000204062
475,155_9.jpg,44596,4.50936,15.89056,35.6768,56.07672,3.03E-05,9.29E-05
476,156_0.jpg,2341,1.80219,11.2744,1.8728,14.94939,1.59E-06,5.99E-05
477,156_1.jpg,54922,5.41562,29.82017,43.9376,79.17339,3.74E-05,0.00015973
478,156_2.jpg,26015,5.23732,17.34783,20.812,43.39714,1.77E-05,0.000102742
479,156_3.jpg,124742,9.29171,28.3787,99.7936,137.464,8.48E-05,0.000170698
480,156_4.jpg,9879,7.05154,40.47781,7.9032,55.43255,6.72E-06,0.00021511
481,156_5.jpg,98372,8.23213,19.02539,78.6976,105.95512,6.69E-05,0.00012379
482,156_6.jpg,205025,15.90418,29.60729,164.02,209.53147,0.000139443,0.00020602
483,156_7.jpg,28838,5.45205,45.18914,23.0704,73.71159,1.96E-05,0.000229128
484,156_8.jpg,150953,15.67867,33.81983,120.7624,170.26091,0.000102667,0.000223981
485,156_9.jpg,53127,4.75749,18.28342,42.5016,65.54251,3.61E-05,0.000104795
486,157_0.jpg,28028,3.69269,17.2602,22.4224,43.37529,1.91E-05,9.54E-05
487,157_1.jpg,10713,2.59303,27.19393,8.5704,38.35736,7.29E-06,0.000135184
488,157_2.jpg,23718,4.80072,15.78319,18.9744,39.55832,1.61E-05,9.37E-05
489,157_3.jpg,129635,9.46198,34.29387,103.708,147.46385,8.82E-05,0.000198111
490,157_4.jpg,9628,2.50875,14.59076,7.7024,24.80191,6.55E-06,7.80E-05
491,157_5.jpg,76243,6.38098,18.80605,60.9944,86.18143,5.19E-05,0.000114463
492,157_6.jpg,243432,20.41412,34.75778,194.7456,249.91749,0.000165565,0.000249538
493,157_7.jpg,31017,4.78219,16.21497,24.8136,45.81076,2.11E-05,9.56E-05
494,157_8.jpg,100202,8.11563,26.87954,80.1616,115.15677,6.82E-05,0.000158646
495,157_9.jpg,74424,7.12496,18.86662,59.5392,85.53078,5.06E-05,0.000118087
496,158_0.jpg,32382,4.71551,21.79617,25.9056,52.41728,2.20E-05,0.00012043
497,158_1.jpg,9519,3.34193,19.784,7.6152,30.74113,6.47E-06,0.000105178
498,158_2.jpg,21153,5.45528,17.2524,16.9224,39.63008,1.44E-05,0.000103294
499,158_3.jpg,129364,10.77023,34.49595,103.4912,148.75738,8.80E-05,0.000204915
500,158_4.jpg,9299,3.23668,17.47084,7.4392,28.14672,6.32E-06,9.43E-05
501,158_5.jpg,115313,10.1086,28.04158,92.2504,130.40058,7.84E-05,0.000172859
502,158_6.jpg,186713,15.80204,60.53484,149.3704,225.70728,0.000126989,0.000344882
503,158_7.jpg,64587,10.24787,60.40439,51.6696,122.32186,4.39E-05,0.000319274
504,158_8.jpg,183406,13.4294,27.37805,146.7248,187.53225,0.00012474,0.000184829
505,158_9.jpg,50054,4.53159,16.82883,40.0432,61.40362,3.40E-05,9.72E-05
506,159_0.jpg,2419,2.5691,17.5756,1.9352,22.0799,1.65E-06,9.17E-05
507,159_1.jpg,9901,2.99362,15.5138,7.9208,26.42822,6.73E-06,8.44E-05
508,159_2.jpg,20753,8.47049,33.29475,16.6024,58.36763,1.41E-05,0.000189144
509,159_3.jpg,160536,11.14039,32.45648,128.4288,172.02567,0.000109185,0.000197395
510,159_4.jpg,10326,2.61794,34.30056,8.2608,45.1793,7.02E-06,0.00016731
511,159_5.jpg,74813,10.38566,35.64693,59.8504,105.88299,5.09E-05,0.000208368
512,159_6.jpg,195368,17.33003,31.41434,156.2944,205.03877,0.000132875,0.000220584
513,159_7.jpg,75817,10.56849,37.83968,60.6536,109.06177,5.16E-05,0.000219069
514,159_8.jpg,151976,19.15462,30.8341,121.5808,171.56952,0.000103363,0.000226189
515,159_9.jpg,64069,7.35168,19.59958,51.2552,78.20645,4.36E-05,0.00012241
516,160_0.jpg,2608,2.57911,15.68807,2.0864,20.35357,1.77E-06,8.33E-05
517,160_1.jpg,7142,2.30602,14.06334,5.7136,22.08296,4.86E-06,7.47E-05
518,160_2.jpg,17751,6.70093,14.76585,14.2008,35.66758,1.21E-05,9.77E-05
519,160_3.jpg,179509,16.29535,22.94725,143.6072,182.8498,0.000122089,0.00017778
520,160_4.jpg,69562,9.43895,28.03402,55.6496,93.12257,4.73E-05,0.000169808
521,160_5.jpg,13541,2.72852,34.33065,10.8328,47.89198,9.21E-06,0.000167944
522,160_6.jpg,162543,16.42978,36.16572,130.0344,182.6299,0.00011055,0.000237932
523,160_7.jpg,77761,10.82282,35.00648,62.2088,108.0381,5.29E-05,0.000207452
524,160_8.jpg,136357,8.05392,31.80454,109.0856,148.94406,9.27E-05,0.000180554
525,160_9.jpg,63972,8.1014,15.77683,51.1776,75.05583,4.35E-05,0.000108567
526,161_0.jpg,17322,2.92917,14.43257,13.8576,31.21935,1.18E-05,7.92E-05
527,161_1.jpg,91696,15.10113,33.54386,73.3568,122.00179,6.24E-05,0.000220136
528,161_2.jpg,12449,5.71415,24.41188,9.9592,40.08523,8.47E-06,0.000136712
529,161_3.jpg,139695,13.25598,28.15039,111.756,153.16237,9.50E-05,0.000187527
530,161_4.jpg,79343,10.4517,16.93996,63.4744,90.86606,5.40E-05,0.000124394
531,161_5.jpg,16527,4.65726,16.99277,13.2216,34.87163,1.12E-05,9.85E-05
532,161_6.jpg,176897,20.22791,26.22429,141.5176,187.96979,0.000120313,0.000210258
533,161_7.jpg,82237,13.08914,32.12193,65.7896,111.00067,5.59E-05,0.000204667
534,161_8.jpg,113251,8.05728,27.52615,90.6008,126.18422,7.70E-05,0.000161296
535,161_9.jpg,81060,9.10691,16.88985,64.848,90.84477,5.51E-05,0.00011811
536,162_0.jpg,15679,4.33291,16.94059,12.5432,33.8167,1.07E-05,9.68E-05
537,162_1.jpg,101394,11.22522,26.54248,81.1152,118.8829,6.90E-05,0.000171136
538,162_2.jpg,149395,10.52242,29.12968,119.516,159.1681,0.000101608,0.000179625
539,162_3.jpg,74905,8.18274,19.43234,59.924,87.53907,5.09E-05,0.0001254
540,162_4.jpg,55930,6.46204,17.67999,44.744,68.88603,3.80E-05,0.000109755
541,162_5.jpg,163082,14.99956,44.29006,130.4656,189.75522,0.000110917,0.000268088
542,162_6.jpg,82108,12.41339,45.76551,65.6864,123.8653,5.58E-05,0.000263084
543,162_7.jpg,113496,10.64493,27.9883,90.7968,129.43004,7.72E-05,0.000175035
544,162_8.jpg,92873,8.41619,17.24191,74.2984,99.9565,6.32E-05,0.000116585
545,163_0.jpg,2716,2.02485,18.49261,2.1728,22.69026,1.85E-06,9.34E-05
546,163_1.jpg,92091,12.52037,35.64358,73.6728,121.83676,6.26E-05,0.000217969
547,163_2.jpg,135108,9.60928,29.95284,108.0864,147.64853,9.19E-05,0.000179219
548,163_3.jpg,72202,8.65478,17.39726,57.7616,83.81365,4.91E-05,0.000118359
549,163_4.jpg,9638,4.42721,27.74381,7.7104,39.88142,6.56E-06,0.000145924
550,163_5.jpg,59303,8.50725,18.73483,47.4424,74.68448,4.03E-05,0.00012372
551,163_6.jpg,206661,21.09518,32.45239,165.3288,218.87637,0.000140556,0.000242221
552,163_7.jpg,43438,8.66287,32.77661,34.7504,76.18988,2.95E-05,0.000187677
553,163_8.jpg,111044,9.49793,29.28959,88.8352,127.62272,7.55E-05,0.00017573
554,163_9.jpg,69226,7.82598,30.44387,55.3808,93.65065,4.71E-05,0.000173398
555,164_0.jpg,2808,2.65112,20.11927,2.2464,25.01679,1.91E-06,0.000103576
556,164_1.jpg,78024,14.11679,40.45869,62.4192,116.99467,5.31E-05,0.000246852
557,164_2.jpg,146349,11.00435,32.16435,117.0792,160.24789,9.95E-05,0.000195466
558,164_3.jpg,64938,9.00343,33.29243,51.9504,94.24626,4.42E-05,0.000191534
559,164_4.jpg,12302,3.11854,13.72337,9.8416,26.68351,8.37E-06,7.69E-05
560,164_5.jpg,123113,13.01369,27.88093,98.4904,139.38502,8.37E-05,0.000185222
561,164_6.jpg,143542,10.51983,30.39518,114.8336,155.74862,9.76E-05,0.000185314
562,164_7.jpg,46606,7.6855,29.304,37.2848,74.2743,3.17E-05,0.00016763
563,164_8.jpg,103429,14.00536,28.29021,82.7432,125.03877,7.03E-05,0.000191533
564,164_9.jpg,69501,8.20189,16.54081,55.6008,80.3435,4.73E-05,0.000112461
565,165_0.jpg,2813,2.83472,14.91557,2.2504,20.00069,1.91E-06,8.10E-05
566,165_1.jpg,57732,13.65763,30.35063,46.1856,90.19386,3.93E-05,0.000199248
567,165_2.jpg,147978,12.22669,30.4392,118.3824,161.04829,0.000100644,0.000193201
568,165_3.jpg,82395,9.72981,49.17796,65.916,124.82377,5.60E-05,0.000266368
569,165_4.jpg,14000,3.57034,17.7462,11.2,32.51654,9.52E-06,9.70E-05
570,165_5.jpg,118550,14.07521,29.28417,94.84,138.19939,8.06E-05,0.000196325
571,165_6.jpg,148979,11.12894,38.68075,119.1832,168.99289,0.000101325,0.000225383
572,165_7.jpg,29993,4.91376,39.4295,23.9944,68.33766,2.04E-05,0.000200758
573,165_8.jpg,117442,10.29934,28.76603,93.9536,133.01897,7.99E-05,0.000176982
574,165_9.jpg,66024,9.31897,16.36258,52.8192,78.50075,4.49E-05,0.00011669
575,166_0.jpg,43855,4.97566,17.35118,35.084,57.41084,2.98E-05,0.000101578
576,166_1.jpg,62069,7.57202,20.10281,49.6552,77.33003,4.22E-05,0.00012567
577,166_2.jpg,125131,9.15483,28.32859,100.1048,137.58822,8.51E-05,0.000169855
578,166_3.jpg,55105,5.62301,16.66301,44.084,66.37002,3.75E-05,0.000101394
579,166_4.jpg,13375,3.16285,33.14167,10.7,47.00453,9.10E-06,0.000164545
580,166_5.jpg,114851,8.85117,26.60939,91.8808,127.34135,7.81E-05,0.000160743
581,166_6.jpg,157058,12.07428,35.27025,125.6464,172.99093,0.00010682,0.000214278
582,166_7.jpg,20088,3.52378,33.63062,16.0704,53.2248,1.37E-05,0.000168373
583,166_8.jpg,117386,9.14138,28.33999,93.9088,131.39017,7.98E-05,0.000169846
584,166_9.jpg,88196,6.41023,17.18923,70.5568,94.15626,6.00E-05,0.000107311
585,167_0.jpg,39008,4.34893,34.69826,31.2064,70.2536,2.65E-05,0.0001769
586,167_1.jpg,50301,10.0469,35.42959,40.2408,85.71729,3.42E-05,0.000205862
587,167_2.jpg,100666,8.18469,30.31207,80.5328,119.02956,6.85E-05,0.00017442
588,167_3.jpg,35053,8.10413,15.53941,28.0424,51.68594,2.38E-05,0.000107509
589,167_4.jpg,12749,2.91114,33.03372,10.1992,46.14406,8.67E-06,0.000162924
590,167_5.jpg,113530,14.46388,51.4479,90.824,156.73578,7.72E-05,0.000297919
591,167_6.jpg,219626,19.09077,40.70312,175.7008,235.49469,0.000149374,0.00027036
592,167_7.jpg,22480,4.34255,33.28851,17.984,55.61506,1.53E-05,0.00017052
593,167_8.jpg,77025,7.75993,50.61231,61.62,119.99223,5.24E-05,0.000263955
594,167_9.jpg,64442,5.4113,16.25309,51.5536,73.218,4.38E-05,9.86E-05
595,168_0.jpg,33393,4.4894,17.01886,26.7144,48.22266,2.27E-05,9.79E-05
596,168_1.jpg,92085,9.66172,31.43441,73.668,114.76413,6.26E-05,0.00018613
597,168_2.jpg,144880,10.87958,31.93725,115.904,158.72083,9.85E-05,0.000193881
598,168_3.jpg,28963,3.96381,15.09476,23.1704,42.22897,1.97E-05,8.69E-05
599,168_4.jpg,11718,3.09788,16.48853,9.3744,28.9608,7.97E-06,8.92E-05
600,168_5.jpg,126129,9.87385,37.88268,100.9032,148.65973,8.58E-05,0.000216134
601,168_6.jpg,120464,8.24037,31.45297,96.3712,136.06454,8.19E-05,0.000179811
602,168_7.jpg,12755,3.14255,14.11735,10.204,27.4639,8.68E-06,7.88E-05
603,168_8.jpg,187283,13.9003,23.55367,149.8264,187.28037,0.000127376,0.000169723
604,168_9.jpg,65415,5.23054,16.82062,52.332,74.38316,4.45E-05,0.000100336
605,169_0.jpg,57366,5.06634,18.76171,45.8928,69.72086,3.90E-05,0.000108341
606,169_1.jpg,25354,3.5797,34.56911,20.2832,58.43201,1.72E-05,0.000172853
607,169_2.jpg,125519,10.35339,28.56766,100.4152,139.33625,8.54E-05,0.000176332
608,169_3.jpg,39746,4.45713,19.46869,31.7968,55.72262,2.70E-05,0.000108781
609,169_4.jpg,12051,2.65651,13.21855,9.6408,25.51587,8.20E-06,7.25E-05
610,169_5.jpg,171099,11.99352,32.12882,136.8792,181.00154,0.000116369,0.000199762
611,169_6.jpg,193719,21.45268,39.16081,154.9752,215.5887,0.000131754,0.000274052
612,169_7.jpg,12565,2.9788,13.74463,10.052,26.77543,8.55E-06,7.63E-05
613,169_8.jpg,110288,8.63506,27.92246,88.2304,124.78792,7.50E-05,0.000165684
614,169_9.jpg,52738,8.31492,16.29651,42.1904,66.80183,3.59E-05,0.00011187
615,170_0.jpg,19537,3.04646,14.36375,15.6296,33.03981,1.33E-05,7.94E-05
616,170_1.jpg,138827,12.38117,25.04207,111.0616,148.48484,9.44E-05,0.000169584
617,170_2.jpg,49556,5.12531,39.26142,39.6448,84.03153,3.37E-05,0.000200953
618,170_3.jpg,100910,10.23302,35.14281,80.728,126.10383,6.86E-05,0.000205409
619,170_4.jpg,117842,9.61439,29.90423,94.2736,133.79222,8.01E-05,0.000179023
620,170_5.jpg,189928,18.04612,42.04227,151.9424,212.03079,0.000129175,0.000271686
621,170_6.jpg,12969,4.12658,17.01328,10.3752,31.51506,8.82E-06,9.62E-05
622,170_7.jpg,142305,10.51986,30.27042,113.844,154.63427,9.68E-05,0.000184752
623,170_8.jpg,52537,4.8087,29.17341,42.0296,76.01171,3.57E-05,0.000154083
624,171_0.jpg,52333,5.29017,16.33622,41.8664,63.49279,3.56E-05,9.84E-05
625,171_1.jpg,144347,13.27893,26.02694,115.4776,154.78347,9.82E-05,0.000178065
626,171_2.jpg,52902,5.25364,16.56555,42.3216,64.14079,3.60E-05,9.93E-05
627,171_3.jpg,91368,9.45282,41.16211,73.0944,123.70933,6.21E-05,0.00022901
628,171_4.jpg,125512,9.32315,28.55686,100.4096,138.28961,8.54E-05,0.000171642
629,171_5.jpg,194889,15.46699,29.75137,155.9112,201.12956,0.000132549,0.0002047
630,171_6.jpg,31169,4.83939,57.0771,24.9352,86.85169,2.12E-05,0.000279921
631,171_7.jpg,181981,12.76788,29.23772,145.5848,187.5904,0.00012377,0.000190227
632,171_8.jpg,41766,4.99152,17.51069,33.4128,55.91501,2.84E-05,0.000102368
633,172_0.jpg,8641,2.63234,14.72192,6.9128,24.26705,5.88E-06,7.92E-05
634,172_1.jpg,140191,12.83959,41.88709,112.1528,166.87948,9.53E-05,0.000247533
635,172_2.jpg,52965,5.28573,17.00491,42.372,64.66264,3.60E-05,0.000101415
636,172_3.jpg,82907,8.44515,19.7322,66.3256,94.50295,5.64E-05,0.000127933
637,172_4.jpg,119188,9.1997,27.81634,95.3504,132.36644,8.11E-05,0.00016775
638,172_5.jpg,144840,11.11373,32.05248,115.872,159.03821,9.85E-05,0.000195455
639,172_6.jpg,39312,5.39425,39.60228,31.4496,76.44612,2.67E-05,0.0002037
640,172_7.jpg,112907,9.64683,28.63888,90.3256,128.61131,7.68E-05,0.000173469
641,172_8.jpg,68934,6.05954,21.72811,55.1472,82.93485,4.69E-05,0.000126178
642,173_0.jpg,5953,3.43804,40.77713,4.7624,48.97757,4.05E-06,0.00020018
643,173_1.jpg,128151,13.89698,52.28399,102.5208,168.70177,8.72E-05,0.000299132
644,173_2.jpg,58523,6.90031,26.30633,46.8184,80.02504,3.98E-05,0.000150589
645,173_3.jpg,146327,16.53466,29.41142,117.0616,163.00768,9.95E-05,0.000207978
646,173_4.jpg,112551,10.26191,28.13478,90.0408,128.43749,7.65E-05,0.000173969
647,173_5.jpg,113466,11.00353,32.48483,90.7728,134.26117,7.72E-05,0.000196906
648,173_6.jpg,37899,6.44683,19.77865,30.3192,56.54468,2.58E-05,0.000119141
649,173_7.jpg,100205,13.65644,31.4602,80.164,125.28064,6.82E-05,0.000204241
650,173_8.jpg,67353,6.91018,41.37111,53.8824,102.16369,4.58E-05,0.000218498
651,174_0.jpg,9516,3.00139,17.89357,7.6128,28.50776,6.47E-06,9.51E-05
652,174_1.jpg,121471,14.41814,29.04219,97.1768,140.63713,8.26E-05,0.00019678
653,174_2.jpg,21431,4.37891,43.91657,17.1448,65.44028,1.46E-05,0.000218561
654,174_3.jpg,132356,12.90542,56.67859,105.8848,175.46881,9.00E-05,0.000314462
655,174_4.jpg,106500,8.32745,27.09546,85.2,120.62291,7.24E-05,0.000160573
656,174_5.jpg,116252,11.51807,32.22646,93.0016,136.74613,7.91E-05,0.00019806
657,174_6.jpg,35061,9.66041,37.14726,28.0488,74.85647,2.38E-05,0.000211859
658,174_7.jpg,105138,8.8559,29.31532,84.1104,122.28162,7.15E-05,0.000172954
659,174_8.jpg,47998,6.89864,32.95762,38.3984,78.25466,3.26E-05,0.000180544
660,175_0.jpg,18115,5.29813,15.89201,14.492,35.68214,1.23E-05,9.65E-05
661,175_1.jpg,12459,4.44478,15.72511,9.9672,30.1371,8.47E-06,9.19E-05
662,175_2.jpg,68154,6.13248,16.67408,54.5232,77.32976,4.64E-05,0.000103739
663,175_3.jpg,118511,13.42389,34.84281,94.8088,143.0755,8.06E-05,0.000218432
664,175_4.jpg,100277,7.96125,25.67847,80.2216,113.86132,6.82E-05,0.00015254
665,175_5.jpg,122837,10.58487,29.43378,98.2696,138.28826,8.35E-05,0.000181276
666,175_6.jpg,26266,8.24913,15.484,21.0128,44.74594,1.79E-05,0.000107913
667,175_7.jpg,116794,9.20087,31.49391,93.4352,134.12998,7.94E-05,0.000184322
668,175_8.jpg,70255,5.68189,30.98921,56.204,92.87511,4.78E-05,0.000166196
669,176_0.jpg,17500,3.60141,17.34244,14,34.94385,1.19E-05,9.53E-05
670,176_1.jpg,75246,14.93611,33.68559,60.1968,108.8185,5.12E-05,0.000220031
671,176_2.jpg,67370,5.88367,17.73216,53.896,77.51183,4.58E-05,0.000107385
672,176_3.jpg,112757,9.91913,23.76502,90.2056,123.88975,7.67E-05,0.00015274
673,176_4.jpg,107993,13.66064,30.56581,86.3944,130.62085,7.34E-05,0.000200231
674,176_5.jpg,130362,11.83992,39.67083,104.2896,155.80035,8.87E-05,0.000233046
675,176_6.jpg,29361,7.86586,15.94276,23.4888,47.29743,2.00E-05,0.000108253
676,176_7.jpg,92550,8.51036,28.64898,74.04,111.19934,6.29E-05,0.000168395
677,176_8.jpg,90073,8.49488,23.64544,72.0584,104.19872,6.13E-05,0.000145786
678,177_0.jpg,10971,2.59792,14.68511,8.7768,26.05983,7.46E-06,7.89E-05
679,177_1.jpg,68853,7.64466,36.9341,55.0824,99.66116,4.68E-05,0.000201818
680,177_2.jpg,7464,2.47484,13.21588,5.9712,21.66191,5.08E-06,7.17E-05
681,177_3.jpg,67233,7.12449,16.28382,53.7864,77.19472,4.57E-05,0.00010645
682,177_4.jpg,120083,18.96214,29.17506,96.0664,144.2036,8.17E-05,0.000217848
683,177_5.jpg,109101,7.9804,27.98233,87.2808,123.24353,7.42E-05,0.000163005
684,177_6.jpg,143247,15.47367,24.63066,114.5976,154.70193,9.74E-05,0.000181662
685,177_7.jpg,29172,4.1604,14.8908,23.3376,42.3888,1.98E-05,8.68E-05
686,177_8.jpg,80642,9.1177,17.92574,64.5136,91.55704,5.48E-05,0.000122825
687,177_9.jpg,86940,8.9507,18.30983,69.552,96.81254,5.91E-05,0.000123803
688,178_0.jpg,20375,5.38588,16.58177,16.3,38.26765,1.39E-05,1.00E-04
689,178_1.jpg,55697,9.13771,18.46403,44.5576,72.15933,3.79E-05,0.00012534
690,178_2.jpg,126661,13.76439,32.55751,101.3288,147.6507,8.61E-05,0.000209671
691,178_3.jpg,99134,7.53244,26.52734,79.3072,113.36699,6.74E-05,0.000154433
692,178_4.jpg,219278,18.5922,35.35392,175.4224,229.36852,0.000149137,0.000244016
693,178_5.jpg,46915,7.16383,21.90982,37.532,66.60565,3.19E-05,0.000131971
694,178_6.jpg,162736,10.66304,35.48793,130.1888,176.33977,0.000110681,0.000208901
695,178_7.jpg,48876,6.60467,29.69813,39.1008,75.40359,3.32E-05,0.000164537
696,179_0.jpg,30878,6.73687,14.94513,24.7024,46.3844,2.10E-05,9.87E-05
697,179_1.jpg,113904,10.08141,26.13681,91.1232,127.34142,7.75E-05,0.000164156
698,179_2.jpg,58121,7.60438,18.13813,46.4968,72.23931,3.95E-05,0.000116965
699,179_3.jpg,126933,10.40932,29.39197,101.5464,141.34769,8.63E-05,0.000180297
700,179_4.jpg,6510,3.74824,18.31027,5.208,27.2665,4.43E-06,0.000100369
701,179_5.jpg,92456,11.18763,17.45363,73.9648,102.60607,6.29E-05,0.000130023
702,179_6.jpg,158239,15.59511,29.35209,126.5912,171.5384,0.000107623,0.000203478
703,179_7.jpg,28815,4.51793,17.40361,23.052,44.97354,1.96E-05,9.98E-05
704,179_8.jpg,149270,10.96366,32.71724,119.416,163.09689,0.000101523,0.000197774
705,179_9.jpg,58631,6.03156,16.58902,46.9048,69.52538,3.99E-05,0.000102901
706,180_0.jpg,2111,2.18163,19.76129,1.6888,23.63172,1.44E-06,9.98E-05
707,180_1.jpg,164700,19.7557,32.2268,131.76,183.7425,0.000112017,0.000235171
708,180_2.jpg,61520,8.12224,16.06743,49.216,73.40567,4.18E-05,0.00010997
709,180_3.jpg,178446,19.70116,29.20218,142.7568,191.66015,0.000121366,0.0002213
710,180_4.jpg,74653,9.80892,16.7657,59.7224,86.29702,5.08E-05,0.000120713
711,180_5.jpg,8728,3.85077,17.71288,6.9824,28.54605,5.94E-06,9.81E-05
712,180_6.jpg,154904,19.45582,30.19581,123.9232,173.57483,0.000105355,0.000224671
713,180_7.jpg,100906,10.55878,27.20867,80.7248,118.49225,6.86E-05,0.000171135
714,180_8.jpg,82602,11.57785,17.20578,66.0816,94.86523,5.62E-05,0.000130665
715,181_0.jpg,1895,2.31674,19.81286,1.516,23.6456,1.29E-06,0.000100689
716,181_1.jpg,150937,14.69468,24.59685,120.7496,160.04113,0.000102656,0.000178
717,181_2.jpg,92950,11.40101,27.98421,74.36,113.74522,6.32E-05,0.000178423
718,181_3.jpg,172089,17.43235,33.88885,137.6712,188.99241,0.000117043,0.000232192
719,181_4.jpg,11644,2.87351,26.99461,9.3152,39.18332,7.92E-06,0.00013555
720,181_5.jpg,80231,7.31078,17.48325,64.1848,88.97882,5.46E-05,0.000112692
721,181_6.jpg,66888,13.37254,29.7109,53.5104,96.59384,4.55E-05,0.000195082
722,181_7.jpg,55472,9.50457,35.36844,44.3776,89.25062,3.77E-05,0.000203144
723,181_8.jpg,96583,9.42934,26.85898,77.2664,113.55473,6.57E-05,0.000164472
724,181_9.jpg,82353,7.46812,25.57084,65.8824,98.92136,5.60E-05,0.000149834
725,182_0.jpg,33012,4.62737,36.55158,26.4096,67.58855,2.25E-05,0.000186503
726,182_1.jpg,113438,12.97663,26.79448,90.7504,130.5215,7.72E-05,0.000180161
727,182_2.jpg,85776,7.6883,25.78886,68.6208,102.09796,5.83E-05,0.000151808
728,182_3.jpg,25403,3.72469,15.19297,20.3224,39.24006,1.73E-05,8.62E-05
729,182_4.jpg,62856,7.56827,31.9992,50.2848,89.85227,4.28E-05,0.000179244
730,182_5.jpg,80730,7.26741,22.29097,64.584,94.14238,5.49E-05,0.000134155
731,182_6.jpg,59982,7.01239,18.94789,47.9856,73.94588,4.08E-05,0.000117946
732,182_7.jpg,12671,3.13462,12.24839,10.1368,25.51981,8.62E-06,7.03E-05
733,182_8.jpg,91233,8.71563,32.59904,72.9864,114.30107,6.21E-05,0.000187114
734,182_9.jpg,81856,7.06895,25.87097,65.4848,98.42472,5.57E-05,0.000149388
735,183_0.jpg,1994,1.79962,10.95047,1.5952,14.34528,1.36E-06,5.84E-05
736,183_1.jpg,99728,9.1212,29.89125,79.7824,118.79485,6.78E-05,0.000176743
737,183_2.jpg,13934,3.21194,18.90295,11.1472,33.26209,9.48E-06,0.000100623
738,183_3.jpg,93042,8.3762,27.5771,74.4336,110.3869,6.33E-05,0.000162962
739,183_4.jpg,23130,3.61923,15.27455,18.504,37.39778,1.57E-05,8.61E-05
740,183_5.jpg,64446,7.85937,35.58092,51.5568,94.99709,4.38E-05,0.00019669
741,183_6.jpg,78842,7.15035,17.72685,63.0736,87.9508,5.36E-05,0.000113067
742,183_7.jpg,96562,12.18565,62.22739,77.2496,151.66264,6.57E-05,0.000336216
743,183_8.jpg,139248,14.50497,29.94851,111.3984,155.85188,9.47E-05,0.000201254
744,183_9.jpg,65519,4.97205,29.92344,52.4152,87.3107,4.46E-05,0.000158197
745,184_0.jpg,63035,5.52322,16.21116,50.428,72.16239,4.29E-05,9.89E-05
746,184_1.jpg,91613,9.22446,29.28141,73.2904,111.79627,6.23E-05,0.000174461
747,184_2.jpg,3630,4.06937,13.37332,2.904,20.34669,2.47E-06,7.96E-05
748,184_3.jpg,89165,8.22062,26.57156,71.332,106.12418,6.06E-05,0.000157732
749,184_4.jpg,20034,4.15898,20.25409,16.0272,40.44027,1.36E-05,0.000110976
750,184_5.jpg,74229,9.4808,30.01211,59.3832,98.8761,5.05E-05,0.000178908
751,184_6.jpg,80238,7.38835,18.62369,64.1904,90.20244,5.46E-05,0.000118179
752,184_7.jpg,92485,18.10645,41.78622,73.988,133.88067,6.29E-05,0.000270804
753,184_8.jpg,136381,10.54355,43.41502,109.1048,163.06337,9.28E-05,0.000244073
754,184_9.jpg,75917,6.81693,18.90758,60.7336,86.45812,5.16E-05,0.000116884
755,185_0.jpg,94447,8.63281,30.06619,75.5576,114.2566,6.42E-05,0.000175331
756,185_1.jpg,62992,6.71365,17.31178,50.3936,74.41902,4.28E-05,0.00010923
757,185_2.jpg,84894,7.6006,39.06676,67.9152,114.58256,5.77E-05,0.000211227
758,185_3.jpg,18707,3.38073,39.57637,14.9656,57.9227,1.27E-05,0.000194513
759,185_4.jpg,72543,8.98744,31.44627,58.0344,98.46811,4.93E-05,0.000183146
760,185_5.jpg,91027,7.49382,19.57856,72.8216,99.89398,6.19E-05,0.000122956
761,185_6.jpg,60035,7.4698,19.5747,48.028,75.07251,4.08E-05,0.00012283
762,185_7.jpg,107009,8.74888,26.85324,85.6072,121.20932,7.28E-05,0.00016138
763,185_8.jpg,98998,7.60368,36.34611,79.1984,123.14819,6.73E-05,0.000198985
764,186_0.jpg,68496,5.62975,21.88456,54.7968,82.31111,4.66E-05,0.000124946
765,186_1.jpg,7632,2.78278,14.44132,6.1056,23.3297,5.19E-06,7.86E-05
766,186_2.jpg,77171,8.25093,45.57777,61.7368,115.5655,5.25E-05,0.000243488
767,186_3.jpg,17414,3.13479,15.88093,13.9312,32.94692,1.18E-05,8.67E-05
768,186_4.jpg,71906,9.77305,23.43275,57.5248,90.7306,4.89E-05,0.000150585
769,186_5.jpg,111736,8.5657,26.91313,89.3888,124.86763,7.60E-05,0.000160825
770,186_6.jpg,16032,10.81989,14.96562,12.8256,38.61111,1.09E-05,0.000117159
771,186_7.jpg,68510,8.27119,40.84544,54.808,103.92463,4.66E-05,0.000222261
772,186_8.jpg,110684,9.0081,95.08962,88.5472,192.64491,7.53E-05,0.000469939
773,186_9.jpg,110055,8.57687,27.46706,88.044,124.08793,7.49E-05,0.000163371
774,187_0.jpg,50427,4.39281,98.83841,40.3416,143.57282,3.43E-05,0.000466036
775,187_1.jpg,8978,2.49071,15.84997,7.1824,25.52309,6.11E-06,8.36E-05
776,187_2.jpg,74555,6.76633,16.63102,59.644,83.04135,5.07E-05,0.0001064
777,187_3.jpg,16148,3.58334,14.11916,12.9184,30.6209,1.10E-05,8.07E-05
778,187_4.jpg,67068,8.04892,28.14698,53.6544,89.8503,4.56E-05,0.000164055
779,187_5.jpg,81879,7.25506,22.58005,65.5032,95.33831,5.57E-05,0.000135401
780,187_6.jpg,17672,3.05826,27.34609,14.1376,44.54196,1.20E-05,0.000137966
781,187_7.jpg,71500,10.85263,23.75509,57.2,91.80773,4.86E-05,0.000156901
782,187_8.jpg,108504,8.86873,28.86453,86.8032,124.53646,7.38E-05,0.000170981
783,187_9.jpg,95105,8.24107,19.30334,76.084,103.62841,6.47E-05,0.000125082
784,188_0.jpg,46087,8.10667,26.4864,36.8696,71.46267,3.13E-05,0.000156835
785,188_1.jpg,8681,3.27079,18.38655,6.9448,28.60214,5.90E-06,9.86E-05
786,188_2.jpg,72288,10.17791,49.53762,57.8304,117.54593,4.92E-05,0.000270007
787,188_3.jpg,14878,3.98586,18.3327,11.9024,34.22097,1.01E-05,0.000101541
788,188_4.jpg,38067,5.7068,19.71344,30.4536,55.87384,2.59E-05,0.000115513
789,188_5.jpg,152333,13.245,33.98711,121.8664,169.09851,0.000103606,0.000213771
790,188_6.jpg,65128,7.12066,20.10821,52.1024,79.33127,4.43E-05,0.000123661
791,188_7.jpg,69596,13.38046,33.35815,55.6768,102.41541,4.73E-05,0.000211548
792,188_8.jpg,110712,11.13137,30.29606,88.5696,129.99703,7.53E-05,0.000187622
793,188_9.jpg,51562,5.8963,54.39339,41.2496,101.53929,3.51E-05,0.000272593
794,189_0.jpg,66397,6.20539,16.82806,53.1176,76.15106,4.52E-05,0.000104761
795,189_1.jpg,8312,2.58743,16.1271,6.6496,25.36413,5.65E-06,8.53E-05
796,189_2.jpg,65989,12.71602,19.79926,52.7912,85.30648,4.49E-05,0.000147475
797,189_3.jpg,14835,3.94738,18.35777,11.868,34.17315,1.01E-05,0.00010148
798,189_4.jpg,29761,4.26927,16.11227,23.8088,44.19033,2.02E-05,9.28E-05
799,189_5.jpg,101352,8.01728,27.38602,81.0816,116.48491,6.89E-05,0.000160485
800,189_6.jpg,100407,12.21204,18.80979,80.3256,111.34743,6.83E-05,0.000140747
801,189_7.jpg,64768,9.68657,26.45551,51.8144,87.95648,4.41E-05,0.000163813
802,189_8.jpg,154933,15.28846,32.74021,123.9464,171.97506,0.000105374,0.00021736
803,189_9.jpg,65098,11.72292,16.73376,52.0784,80.53508,4.43E-05,0.000129192
804,190_0.jpg,88443,6.86668,19.50892,70.7544,97.13,6.02E-05,0.000119817
805,190_1.jpg,7687,2.47138,17.41119,6.1496,26.03217,5.23E-06,9.06E-05
806,190_2.jpg,100684,8.30371,27.37107,80.5472,116.22198,6.85E-05,0.000161708
807,190_3.jpg,12848,2.8817,14.52639,10.2784,27.68649,8.74E-06,7.94E-05
808,190_4.jpg,23680,3.63804,34.57392,18.944,57.15596,1.61E-05,0.000173137
809,190_5.jpg,101753,10.02077,32.03544,81.4024,123.45861,6.92E-05,0.000190455
810,190_6.jpg,116835,10.55194,31.98026,93.468,136.00021,7.95E-05,0.000192599
811,190_7.jpg,67260,12.85713,30.81482,53.808,97.47995,4.57E-05,0.000197733
812,190_8.jpg,124595,13.13111,23.14334,99.676,135.95046,8.47E-05,0.000164409
813,190_9.jpg,93174,8.20841,18.97949,74.5392,101.72711,6.34E-05,0.000123476
814,191_0.jpg,78574,6.3544,18.88807,62.8592,88.10167,5.34E-05,0.000114712
815,191_1.jpg,7602,2.42982,13.84063,6.0816,22.35204,5.17E-06,7.43E-05
816,191_2.jpg,98543,8.11301,27.79855,78.8344,114.74596,6.70E-05,0.000162774
817,191_3.jpg,12148,2.76956,14.13858,9.7184,26.62654,8.26E-06,7.72E-05
818,191_4.jpg,8182,2.29124,25.02318,6.5456,33.86002,5.56E-06,0.000124046
819,191_5.jpg,111031,12.79202,36.9966,88.8248,138.61341,7.55E-05,0.000225288
820,191_6.jpg,125594,9.53965,30.49984,100.4752,140.51469,8.54E-05,0.00018137
821,191_7.jpg,57236,7.24422,22.23133,45.7888,75.26435,3.89E-05,0.000133781
822,191_8.jpg,109120,8.7019,27.24741,87.296,123.24531,7.42E-05,0.000162944
823,191_9.jpg,74670,9.19245,16.27774,59.736,85.20619,5.08E-05,0.000115738
824,192_0.jpg,42370,7.12114,15.64096,33.896,56.6581,2.88E-05,0.000103539
825,192_1.jpg,6256,3.94221,16.68229,5.0048,25.6293,4.25E-06,9.39E-05
826,192_2.jpg,102227,11.74081,27.36668,81.7816,120.88909,6.95E-05,0.000177171
827,192_3.jpg,850,2.05651,13.33934,0.68,16.07585,5.78E-07,7.04E-05
828,192_4.jpg,9565,3.64364,16.94723,7.652,28.24287,6.51E-06,9.38E-05
829,192_5.jpg,128692,11.14354,29.18939,102.9536,143.28653,8.75E-05,0.000182692
830,192_6.jpg,163462,17.74967,36.18794,130.7696,184.7072,0.000111175,0.000243978
831,192_7.jpg,35812,4.11064,15.73716,28.6496,48.4974,2.44E-05,9.04E-05
832,192_8.jpg,113308,15.06894,28.26947,90.6464,133.98481,7.71E-05,0.000196231
833,192_9.jpg,65358,9.25191,15.35163,52.2864,76.88994,4.45E-05,0.000111834
834,193_0.jpg,77085,5.79478,32.28638,61.668,99.74915,5.24E-05,0.000172548
835,193_1.jpg,5986,2.97239,18.91991,4.7888,26.6811,4.07E-06,9.96E-05
836,193_2.jpg,70438,9.05191,17.57755,56.3504,82.97986,4.79E-05,0.00012096
837,193_3.jpg,15727,3.99002,19.4234,12.5816,35.99502,1.07E-05,0.000106473
838,193_4.jpg,6217,3.27512,17.41553,4.9736,25.66425,4.23E-06,9.42E-05
839,193_5.jpg,62333,10.11858,15.90718,49.8664,75.89215,4.24E-05,0.000118241
840,193_6.jpg,101687,12.09438,29.8019,81.3496,123.24588,6.92E-05,0.000189734
841,193_7.jpg,6600,3.22442,17.50908,5.28,26.01351,4.49E-06,9.44E-05
842,193_8.jpg,127951,11.03881,29.76109,102.3608,143.1607,8.70E-05,0.000184795
843,193_9.jpg,52257,6.61687,19.29526,41.8056,67.71772,3.55E-05,0.000117729
844,194_0.jpg,87274,12.87666,20.69207,69.8192,103.38793,5.94E-05,0.00015222
845,194_1.jpg,26145,8.49414,18.14835,20.916,47.55849,1.78E-05,0.000121019
846,194_2.jpg,107756,11.34886,26.70822,86.2048,124.26187,7.33E-05,0.00017244
847,194_3.jpg,16488,5.00924,18.98455,13.1904,37.1842,1.12E-05,0.000109087
848,194_4.jpg,1509,2.41309,17.68775,1.2072,21.30803,1.03E-06,9.16E-05
849,194_5.jpg,24213,4.36433,33.38295,19.3704,57.11768,1.65E-05,0.000171044
850,194_6.jpg,73035,10.1258,32.63819,58.428,101.19199,4.97E-05,0.000193643
851,194_7.jpg,108606,13.06692,23.37353,86.8848,123.32524,7.39E-05,0.000165157
852,194_8.jpg,101723,8.39713,18.33843,81.3784,108.11397,6.92E-05,0.000121438
853,195_0.jpg,59811,7.91774,31.09041,47.8488,86.85695,4.07E-05,0.000176724
854,195_1.jpg,5040,2.58294,15.30869,4.032,21.92363,3.43E-06,8.16E-05
855,195_2.jpg,82628,10.21291,18.31336,66.1024,94.62867,5.62E-05,0.000129505
856,195_3.jpg,18466,4.83354,18.73446,14.7728,38.3408,1.26E-05,0.000107169
857,195_4.jpg,123738,12.92182,27.25465,98.9904,139.16687,8.42E-05,0.000181987
858,195_5.jpg,131842,13.16934,34.4603,105.4736,153.10324,8.97E-05,0.000215562
859,195_6.jpg,99745,9.4839,28.8644,79.796,118.1443,6.78E-05,0.000173751
860,195_7.jpg,55965,8.27817,16.69758,44.772,69.74775,3.81E-05,0.000113511
861,196_0.jpg,121257,10.77595,29.30742,97.0056,137.08897,8.25E-05,0.000181568
862,196_1.jpg,5483,2.64225,16.25769,4.3864,23.28634,3.73E-06,8.61E-05
863,196_2.jpg,76008,7.06101,22.13384,60.8064,90.00125,5.17E-05,0.000132517
864,196_3.jpg,18882,3.36845,16.05624,15.1056,34.53029,1.28E-05,8.85E-05
865,196_4.jpg,17010,3.18383,14.81428,13.608,31.60611,1.16E-05,8.21E-05
866,196_5.jpg,167797,15.49689,28.19388,134.2376,177.92836,0.000114123,0.000197818
867,196_6.jpg,109041,9.4466,27.97415,87.2328,124.65355,7.42E-05,0.000169573
868,196_7.jpg,72585,6.35344,17.62739,58.068,82.04882,4.94E-05,0.000109029
869,197_0.jpg,96118,11.47004,18.83141,76.8944,107.19584,6.54E-05,0.000137502
870,197_1.jpg,19019,3.75023,15.32344,15.2152,34.28887,1.29E-05,8.69E-05
871,197_2.jpg,70741,7.11215,18.50947,56.5928,82.21442,4.81E-05,0.00011642
872,197_3.jpg,17508,4.01299,16.84343,14.0064,34.86282,1.19E-05,9.50E-05
873,197_4.jpg,17342,3.33187,14.38582,13.8736,31.59129,1.18E-05,8.08E-05
874,197_5.jpg,177408,15.17715,43.89128,141.9264,200.99483,0.00012066,0.000267091
875,197_6.jpg,98139,9.77024,28.21329,78.5112,116.49473,6.67E-05,0.000172108
876,197_7.jpg,34100,4.51834,27.9568,27.28,59.75514,2.32E-05,0.000147294
877,198_0.jpg,39166,4.46778,34.70812,31.3328,70.50869,2.66E-05,0.00017748
878,198_1.jpg,5202,2.03383,13.11105,4.1616,19.30648,3.54E-06,6.92E-05
879,198_2.jpg,63407,6.55087,16.11695,50.7256,73.39342,4.31E-05,0.000103114
880,198_3.jpg,20595,3.2132,14.78863,16.476,34.47782,1.40E-05,8.21E-05
881,198_4.jpg,19239,3.39086,14.73211,15.3912,33.51418,1.31E-05,8.26E-05
882,198_5.jpg,188432,19.68237,151.46867,150.7456,321.89664,0.000128158,0.000772001
883,198_6.jpg,103849,9.14986,28.23634,83.0792,120.4654,7.06E-05,0.000169417
884,198_7.jpg,25009,3.1385,26.44493,20.0072,49.59063,1.70E-05,0.000134267
885,199_0.jpg,100229,7.50419,17.52443,80.1832,105.21183,6.82E-05,0.000113749
886,199_1.jpg,5237,2.2905,17.74737,4.1896,24.22747,3.56E-06,9.13E-05
887,199_2.jpg,58086,5.71065,20.23922,46.4688,72.41867,3.95E-05,0.000117899
888,199_3.jpg,21642,3.05926,13.20659,17.3136,33.57944,1.47E-05,7.43E-05
889,199_4.jpg,21123,3.35092,15.02635,16.8984,35.27568,1.44E-05,8.38E-05
890,199_5.jpg,126478,9.46896,27.36046,101.1824,138.01182,8.60E-05,0.000166909
891,199_6.jpg,13740,6.68256,13.40484,10.992,31.07939,9.34E-06,9.15E-05
892,199_7.jpg,96961,8.8821,29.51035,77.5688,115.96126,6.59E-05,0.00017395
893,199_8.jpg,26590,3.70085,16.5941,21.272,41.56695,1.81E-05,9.24E-05
894,200_0.jpg,46224,5.0227,16.59467,36.9792,58.59658,3.14E-05,9.84E-05
895,200_1.jpg,78936,10.70411,18.69962,63.1488,92.55253,5.37E-05,0.000133458
896,200_2.jpg,46507,5.09272,16.24763,37.2056,58.54595,3.16E-05,9.71E-05
897,200_3.jpg,114862,10.64494,31.58016,91.8896,134.1147,7.81E-05,0.000191216
898,200_4.jpg,119344,12.87887,24.34897,95.4752,132.70303,8.12E-05,0.000168704
899,200_5.jpg,15269,3.38443,13.70288,12.2152,29.30251,1.04E-05,7.80E-05
900,200_6.jpg,104714,8.92307,28.09274,83.7712,120.78701,7.12E-05,0.000167749
901,200_7.jpg,26792,3.2148,26.80584,21.4336,51.45424,1.82E-05,0.000136237
902,201_0.jpg,43759,4.45323,15.72812,35.0072,55.18855,2.98E-05,9.19E-05
903,201_1.jpg,59277,8.24547,19.19925,47.4216,74.86631,4.03E-05,0.000124633
904,201_2.jpg,123285,9.0688,31.12981,98.628,138.82661,8.38E-05,0.000182087
905,201_3.jpg,101676,8.36393,40.7494,81.3408,130.45413,6.92E-05,0.000222246
906,201_4.jpg,132594,10.24884,31.76708,106.0752,148.09112,9.02E-05,0.000190273
907,201_5.jpg,14402,2.84013,36.47834,11.5216,50.84008,9.80E-06,0.000178122
908,201_6.jpg,111429,9.58675,27.32021,89.1432,126.05016,7.58E-05,0.000167258
909,201_7.jpg,52717,5.37849,39.91572,42.1736,87.46781,3.59E-05,0.000205041
910,202_0.jpg,41838,5.1331,20.2185,33.4704,58.822,2.85E-05,0.000115204
911,202_1.jpg,47897,5.98703,17.04434,38.3176,61.34897,3.26E-05,0.000104752
912,202_2.jpg,78796,6.95252,17.59881,63.0368,87.58813,5.36E-05,0.000111599
913,202_3.jpg,94103,7.95208,19.03653,75.2824,102.27101,6.40E-05,0.000122578
914,202_4.jpg,138497,11.75522,40.92718,110.7976,163.47999,9.42E-05,0.000238324
915,202_5.jpg,17108,3.83541,27.80891,13.6864,45.33072,1.16E-05,0.000143551
916,202_6.jpg,110906,9.19638,28.74695,88.7248,126.66813,7.54E-05,0.000171927
917,202_7.jpg,73612,6.79991,22.2072,58.8896,87.89671,5.01E-05,0.000131671
918,203_0.jpg,34087,3.82565,14.99114,27.2696,46.0864,2.32E-05,8.58E-05
919,203_1.jpg,38178,5.01188,20.64229,30.5424,56.19657,2.60E-05,0.000116567
920,203_2.jpg,142764,10.26044,28.2787,114.2112,152.75035,9.71E-05,0.000174611
921,203_3.jpg,88942,7.58966,37.12078,71.1536,115.86405,6.05E-05,0.000202412
922,203_4.jpg,153753,12.90385,26.20892,123.0024,162.11517,0.000104572,0.000177195
923,203_5.jpg,18163,3.25744,13.83905,14.5304,31.62689,1.24E-05,7.80E-05
924,203_6.jpg,120580,13.40472,30.38376,96.464,140.25249,8.20E-05,0.000198258
925,203_7.jpg,60658,5.17966,15.70337,48.5264,69.40943,4.13E-05,9.51E-05
926,203_8.jpg,1318,1.94323,11.86522,1.0544,14.86285,8.96E-07,6.32E-05
927,204_0.jpg,44645,4.40009,16.12622,35.716,56.24231,3.04E-05,9.35E-05
928,204_1.jpg,23235,3.80315,27.82881,18.588,50.21996,1.58E-05,0.000143496
929,204_2.jpg,29746,7.47169,32.71854,23.7968,63.98703,2.02E-05,0.000182049
930,204_3.jpg,2031,2.26634,13.16084,1.6248,17.05197,1.38E-06,7.05E-05
931,204_4.jpg,184647,15.06192,45.94465,147.7176,208.72417,0.000125584,0.000275822
932,204_5.jpg,43448,6.46969,23.87475,34.7584,65.10284,2.96E-05,0.000137696
933,204_6.jpg,121477,10.34068,29.13002,97.1816,136.6523,8.26E-05,0.000178808
934,204_7.jpg,54992,5.0398,18.0115,43.9936,67.0449,3.74E-05,0.000104841
935,205_0.jpg,31775,3.9694,14.80405,25.42,44.19346,2.16E-05,8.56E-05
936,205_1.jpg,13410,3.08838,13.52011,10.728,27.33649,9.12E-06,7.58E-05
937,205_2.jpg,123394,9.79549,26.97328,98.7152,135.48397,8.39E-05,0.000166636
938,205_3.jpg,142920,15.25432,32.02798,114.336,161.6183,9.72E-05,0.000213997
939,205_4.jpg,212812,18.94603,60.7886,170.2496,249.98423,0.000144739,0.000360189
940,205_5.jpg,30385,8.92344,32.43267,24.308,65.66411,2.07E-05,0.000187301
941,205_6.jpg,108366,11.82653,28.5268,86.6928,127.04612,7.37E-05,0.000182784
942,205_7.jpg,52253,4.80016,15.96741,41.8024,62.56998,3.55E-05,9.46E-05
943,206_0.jpg,50088,4.94151,16.31195,40.0704,61.32386,3.41E-05,9.67E-05
944,206_1.jpg,5974,2.50023,38.08546,4.7792,45.36489,4.06E-06,0.00018383
945,206_2.jpg,37717,5.70464,40.89045,30.1736,76.7687,2.57E-05,0.000210902
946,206_3.jpg,8664,2.87265,16.042,6.9312,25.84584,5.89E-06,8.62E-05
947,206_4.jpg,154578,11.54621,32.32327,123.6624,167.53188,0.000105133,0.000198623
948,206_5.jpg,129065,11.91768,34.18877,103.252,149.35845,8.78E-05,0.0002087
949,206_6.jpg,32993,10.66659,17.21601,26.3944,54.27701,2.24E-05,0.000126606
950,206_7.jpg,100333,9.18015,29.43678,80.2664,118.88333,6.82E-05,0.000174962
951,206_8.jpg,53256,5.12583,16.56109,42.6048,64.29172,3.62E-05,9.87E-05
952,207_0.jpg,43838,5.27232,23.81811,35.0704,64.16083,2.98E-05,0.000132047
953,207_1.jpg,1514,1.9443,39.52471,1.2112,42.6802,1.03E-06,0.00018781
954,207_2.jpg,52783,6.46438,19.20147,42.2264,67.89226,3.59E-05,0.00011662
955,207_3.jpg,9033,6.01191,14.94559,7.2264,28.1839,6.14E-06,9.54E-05
956,207_4.jpg,155156,12.30767,34.05366,124.1248,170.48613,0.000105526,0.000209849
957,207_5.jpg,116199,10.93296,22.6705,92.9592,126.56266,7.90E-05,0.000152377
958,207_6.jpg,13101,3.08232,18.68647,10.4808,32.24959,8.91E-06,9.91E-05
959,207_7.jpg,100222,8.49424,28.43304,80.1776,117.10488,6.82E-05,0.00016735
960,207_8.jpg,50676,4.69134,16.34437,40.5408,61.57651,3.45E-05,9.58E-05
961,208_0.jpg,42885,4.7809,20.74497,34.308,59.83386,2.92E-05,0.000115989
962,208_1.jpg,35081,4.27422,19.94719,28.0648,52.28621,2.39E-05,0.000110113
963,208_2.jpg,8406,2.79049,14.50688,6.7248,24.02217,5.72E-06,7.89E-05
964,208_3.jpg,149904,11.35364,33.82905,119.9232,165.10588,0.000101954,0.000204539
965,208_4.jpg,54745,9.3714,17.42661,43.796,70.59402,3.72E-05,0.00012172
966,208_5.jpg,78874,10.67765,38.37073,63.0992,112.14757,5.36E-05,0.000221953
967,208_6.jpg,107815,9.37437,29.3931,86.252,125.01947,7.33E-05,0.00017564
968,208_7.jpg,37949,4.43371,16.32166,30.3592,51.11458,2.58E-05,9.45E-05
969,209_0.jpg,47510,4.93787,18.34704,38.008,61.29291,3.23E-05,0.000105894
970,209_1.jpg,1536,1.86554,13.50833,1.2288,16.60267,1.04E-06,7.03E-05
971,209_2.jpg,59902,5.87752,17.09659,47.9216,70.89571,4.07E-05,0.000104494
972,209_3.jpg,8104,3.42628,21.67792,6.4832,31.5874,5.51E-06,0.000114089
973,209_4.jpg,157700,13.05061,33.69158,126.16,172.90218,0.000107256,0.000211564
974,209_5.jpg,62723,12.07382,18.72294,50.1784,80.97516,4.27E-05,0.000139733
975,209_6.jpg,78115,14.83486,26.52011,62.492,103.84697,5.31E-05,0.000187296
976,209_7.jpg,126656,11.52025,33.27441,101.3248,146.11945,8.61E-05,0.000202791
977,209_8.jpg,56036,5.88855,18.9084,44.8288,69.62575,3.81E-05,0.000112705
978,210_0.jpg,8903,3.29404,37.54624,7.1224,47.96269,6.06E-06,0.000184977
979,210_1.jpg,1332,2.42333,17.53087,1.0656,21.0198,9.06E-07,9.09E-05
980,210_2.jpg,57469,7.62253,51.43829,45.9752,105.03602,3.91E-05,0.000267057
981,210_3.jpg,8937,3.50726,21.85161,7.1496,32.50846,6.08E-06,0.000115237
982,210_4.jpg,87165,7.10434,37.94231,69.732,114.77865,5.93E-05,0.000203926
983,210_5.jpg,75111,7.22313,23.94551,60.0888,91.25744,5.11E-05,0.000141408
984,210_6.jpg,74770,9.37547,22.68113,59.816,91.8726,5.09E-05,0.000145409
985,210_7.jpg,81100,7.52549,28.4126,64.88,100.81809,5.52E-05,0.000162894
986,210_8.jpg,64148,9.1694,16.50686,51.3184,76.99466,4.36E-05,0.000116666
987,211_0.jpg,64432,8.89648,32.68617,51.5456,93.12825,4.38E-05,0.000188322
988,211_1.jpg,50848,5.72169,17.48566,40.6784,63.88575,3.46E-05,0.000105544
989,211_2.jpg,9232,2.93274,16.35485,7.3856,26.67319,6.28E-06,8.79E-05
990,211_3.jpg,77251,6.52046,17.08594,61.8008,85.4072,5.25E-05,0.000107342
991,211_4.jpg,77120,7.61374,17.90111,61.696,87.21086,5.25E-05,0.000115939
992,211_5.jpg,75171,10.56727,35.09993,60.1368,105.80399,5.11E-05,0.000206722
993,211_6.jpg,88275,9.21164,25.09233,70.62,104.92398,6.00E-05,0.000155533
994,211_7.jpg,67376,5.71132,17.24042,53.9008,76.85254,4.58E-05,0.000104393
995,212_0.jpg,3215,2.37804,12.70323,2.572,17.65327,2.19E-06,6.89E-05
996,212_1.jpg,63746,7.55958,22.93546,50.9968,81.49185,4.34E-05,0.000138374
997,212_2.jpg,8504,2.7764,15.04845,6.8032,24.62805,5.78E-06,8.13E-05
998,212_3.jpg,72025,6.27498,16.82304,57.62,80.71802,4.90E-05,0.000105052
999,212_4.jpg,83429,7.01951,17.41622,66.7432,91.17893,5.67E-05,0.000111078
1000,212_5.jpg,94319,12.8265,29.2581,75.4552,117.53979,6.41E-05,0.000190583
1001,212_6.jpg,81177,7.31396,18.51685,64.9416,90.77241,5.52E-05,0.000117363
1002,212_7.jpg,63460,5.21767,16.41115,50.768,72.39682,4.32E-05,9.84E-05
1003,213_0.jpg,3141,2.30198,16.35315,2.5128,21.16793,2.14E-06,8.50E-05
1004,213_1.jpg,50642,5.05294,16.15933,40.5136,61.72587,3.44E-05,9.66E-05
1005,213_2.jpg,8122,2.8008,14.83649,6.4976,24.13489,5.52E-06,8.05E-05
1006,213_3.jpg,841,1.78163,12.99244,0.6728,15.44687,5.72E-07,6.76E-05
1007,213_4.jpg,62085,5.7118,38.18507,49.668,93.56487,4.22E-05,0.000198747
1008,213_5.jpg,89072,7.24916,17.86332,71.2576,96.37009,6.06E-05,0.000114127
1009,213_6.jpg,93448,13.05621,35.64434,74.7584,123.45895,6.36E-05,0.000220386
1010,213_7.jpg,83037,9.63237,19.30186,66.4296,95.36383,5.65E-05,0.000131343
1011,213_8.jpg,64692,6.55986,16.36636,51.7536,74.67982,4.40E-05,0.000104278
1012,214_0.jpg,2764,2.26099,14.42282,2.2112,18.89501,1.88E-06,7.62E-05
1013,214_1.jpg,55625,5.45178,28.09095,44.5,78.04273,3.78E-05,0.000152103
1014,214_2.jpg,101687,15.54098,33.60404,81.3496,130.49462,6.92E-05,0.000222388
1015,214_3.jpg,716,1.80142,12.13853,0.5728,14.51275,4.87E-07,6.38E-05
1016,214_4.jpg,50146,5.64973,17.70124,40.1168,63.46777,3.41E-05,0.000106191
1017,214_5.jpg,99488,8.0077,18.43522,79.5904,106.03332,6.77E-05,0.00012012
1018,214_6.jpg,104102,14.26624,29.74884,83.2816,127.29668,7.08E-05,0.000199279
1019,214_7.jpg,73932,7.16549,19.63391,59.1456,85.945,5.03E-05,0.000121726
1020,214_8.jpg,83274,6.20001,27.00479,66.6192,99.824,5.66E-05,0.000150581
1021,215_0.jpg,61314,5.63992,17.4921,49.0512,72.18321,4.17E-05,0.000105205
1022,215_1.jpg,18070,3.14344,13.66876,14.456,31.2682,1.23E-05,7.67E-05
1023,215_2.jpg,21964,7.60483,25.05228,17.5712,50.22831,1.49E-05,0.000148114
1024,215_3.jpg,36187,5.05611,47.41695,28.9496,81.42266,2.46E-05,0.000237381
1025,215_4.jpg,130962,9.70038,28.84263,104.7696,143.31261,8.91E-05,0.000174629
1026,215_5.jpg,1437,1.89215,26.05476,1.1496,29.09651,9.77E-07,0.000126895
1027,215_6.jpg,71981,6.57861,20.87353,57.5848,85.03694,4.90E-05,0.000124666
1028,215_7.jpg,84876,11.65685,16.47453,67.9008,96.03218,5.77E-05,0.000127726
1029,216_0.jpg,8236,3.09035,14.7905,6.5888,24.46965,5.60E-06,8.15E-05
1030,216_1.jpg,1002,4.45918,12.58055,0.8016,17.84133,6.81E-07,7.78E-05
1031,216_2.jpg,38062,4.47221,16.58515,30.4496,51.50696,2.59E-05,9.59E-05
1032,216_3.jpg,19392,3.61462,35.34189,15.5136,54.47011,1.32E-05,0.000176491
1033,216_4.jpg,13665,3.81155,15.65662,10.932,30.40016,9.29E-06,8.87E-05
1034,216_5.jpg,35573,6.68211,16.81581,28.4584,51.95632,2.42E-05,0.000106853
1035,216_6.jpg,148462,13.36493,32.61511,118.7696,164.74964,0.000100973,0.000208131
1036,216_7.jpg,70980,7.06186,18.86034,56.784,82.70621,4.83E-05,0.000117774
1037,216_8.jpg,63678,5.45947,16.74947,50.9424,73.15134,4.33E-05,0.000101047
1038,217_0.jpg,4532,2.42107,12.66283,3.6256,18.7095,3.08E-06,6.89E-05
1039,217_1.jpg,121392,10.66507,30.25838,97.1136,138.03706,8.26E-05,0.000185352
1040,217_2.jpg,19253,3.86833,34.10561,15.4024,53.37633,1.31E-05,0.000172065
1041,217_3.jpg,11861,3.65149,16.4882,9.4888,29.62849,8.07E-06,9.17E-05
1042,217_4.jpg,20492,3.27059,16.18139,16.3936,35.84558,1.39E-05,8.86E-05
1043,217_5.jpg,167188,14.12787,30.22778,133.7504,178.10605,0.000113709,0.000200813
1044,217_6.jpg,75637,6.93701,18.55588,60.5096,86.00248,5.14E-05,0.00011584
1045,217_7.jpg,97369,7.81871,21.28098,77.8952,106.99489,6.62E-05,0.000132088
1046,218_0.jpg,4048,2.5595,12.867,3.2384,18.66489,2.75E-06,7.05E-05
1047,218_1.jpg,2795,2.10463,11.21997,2.236,15.5606,1.90E-06,6.10E-05
1048,218_2.jpg,123826,13.95598,29.84121,99.0608,142.85799,8.42E-05,0.000198298
1049,218_3.jpg,122550,12.39085,45.54813,98.04,155.97897,8.33E-05,0.000262003
1050,218_4.jpg,30036,5.44936,37.80937,24.0288,67.28752,2.04E-05,0.000195872
1051,218_5.jpg,18286,3.84832,13.03529,14.6288,31.51241,1.24E-05,7.71E-05
1052,218_6.jpg,167705,14.25998,25.68162,134.164,174.1056,0.000114061,0.000180929
1053,218_7.jpg,70402,6.63526,17.54308,56.3216,80.49994,4.79E-05,0.000109919
1054,218_8.jpg,90756,7.64395,38.98518,72.6048,119.23392,6.17E-05,0.000211055
1055,219_0.jpg,5000,2.47521,14.94509,4,21.42031,3.40E-06,7.95E-05
1056,219_1.jpg,2365,2.18654,12.21374,1.892,16.29228,1.61E-06,6.59E-05
1057,219_2.jpg,102768,9.81017,28.41841,82.2144,120.44298,6.99E-05,0.000173212
1058,219_3.jpg,21664,3.84495,15.07419,17.3312,36.25034,1.47E-05,8.62E-05
1059,219_4.jpg,11962,2.76787,13.62935,9.5696,25.96682,8.14E-06,7.49E-05
1060,219_5.jpg,1471,2.07544,13.73527,1.1768,16.98751,1.00E-06,7.22E-05
1061,219_6.jpg,181430,13.46563,35.31155,145.144,193.92118,0.000123396,0.000220731
1062,219_7.jpg,69801,7.49125,18.26895,55.8408,81.601,4.75E-05,0.000117045
1063,219_8.jpg,101714,8.50674,29.25909,81.3712,119.13703,6.92E-05,0.000171127
1064,220_0.jpg,5211,2.39929,16.86029,4.1688,23.42838,3.54E-06,8.78E-05
1065,220_1.jpg,90931,7.98704,27.20724,72.7448,107.93909,6.18E-05,0.000159543
1066,220_2.jpg,22149,3.65683,15.76994,17.7192,37.14597,1.51E-05,8.85E-05
1067,220_3.jpg,12452,2.74431,13.43379,9.9616,26.1397,8.47E-06,7.39E-05
1068,220_4.jpg,18771,3.76385,42.68446,15.0168,61.46511,1.28E-05,0.00021024
1069,220_5.jpg,177487,14.42075,27.60968,141.9896,184.02004,0.000120714,0.000190339
1070,220_6.jpg,77541,7.18628,21.29369,62.0328,90.51277,5.27E-05,0.000129297
1071,220_7.jpg,106150,9.45766,35.89259,84.92,130.27025,7.22E-05,0.000205294
1072,221_0.jpg,5846,2.39865,13.83964,4.6768,20.91509,3.98E-06,7.42E-05
1073,221_1.jpg,3699,2.31225,12.5905,2.9592,17.86195,2.52E-06,6.81E-05
1074,221_2.jpg,79154,8.29538,19.72042,63.3232,91.339,5.38E-05,0.000127206
1075,221_3.jpg,134103,11.61403,22.88811,107.2824,141.78454,9.12E-05,0.000156425
1076,221_4.jpg,13186,3.43146,15.64426,10.5488,29.62452,8.97E-06,8.69E-05
1077,221_5.jpg,1473,2.40697,13.0037,1.1784,16.58907,1.00E-06,7.04E-05
1078,221_6.jpg,100232,11.58502,19.51394,80.1856,111.28456,6.82E-05,0.000141095
1079,221_7.jpg,81705,7.12927,18.53591,65.364,91.02918,5.56E-05,0.000116617
1080,221_8.jpg,128572,11.06546,42.81135,102.8576,156.73441,8.74E-05,0.000243704
1081,221_9.jpg,952,1.92998,12.43174,0.7616,15.12332,6.47E-07,6.57E-05
1082,222_0.jpg,4253,2.22607,12.36543,3.4024,17.9939,2.89E-06,6.67E-05
1083,222_1.jpg,4189,2.18252,12.3839,3.3512,17.91762,2.85E-06,6.66E-05
1084,222_2.jpg,73957,6.32624,27.86426,59.1656,93.35611,5.03E-05,0.000155021
1085,222_3.jpg,43565,5.47768,22.02357,34.852,62.35325,2.96E-05,0.000124888
1086,222_4.jpg,13384,3.04653,17.98773,10.7072,31.74146,9.10E-06,9.58E-05
1087,222_5.jpg,1794,2.20767,12.82831,1.4352,16.47118,1.22E-06,6.87E-05
1088,222_6.jpg,99402,8.26343,18.51276,79.5216,106.29778,6.76E-05,0.000121621
1089,222_7.jpg,73305,6.86485,16.96496,58.644,82.47381,4.99E-05,0.000108349
1090,222_8.jpg,104781,9.71126,37.10116,83.8248,130.63722,7.13E-05,0.000211881
1091,222_9.jpg,1418,1.78793,11.31536,1.1344,14.23769,9.64E-07,6.00E-05
1092,223_0.jpg,44701,4.63303,34.11229,35.7608,74.50612,3.04E-05,0.00017554
1093,223_1.jpg,3401,3.20735,14.04547,2.7208,19.97362,2.31E-06,7.87E-05
1094,223_2.jpg,32070,3.90201,14.96036,25.656,44.51837,2.18E-05,8.60E-05
1095,223_3.jpg,109097,10.33867,34.42907,87.2776,132.04534,7.42E-05,0.00020267
1096,223_4.jpg,9385,2.40868,14.52408,7.508,24.44076,6.38E-06,7.73E-05
1097,223_5.jpg,1760,2.13421,12.33635,1.408,15.87856,1.20E-06,6.62E-05
1098,223_6.jpg,95318,7.60273,19.01747,76.2544,102.87461,6.48E-05,0.000120919
1099,223_7.jpg,84738,10.69657,19.06638,67.7904,97.55335,5.76E-05,0.000135076
1100,223_8.jpg,50421,4.50754,16.17612,40.3368,61.02046,3.43E-05,9.42E-05
1101,223_9.jpg,16689,3.49618,19.34526,13.3512,36.19264,1.14E-05,0.000103896
1102,224_0.jpg,85615,7.72717,40.84813,68.492,117.0673,5.82E-05,0.000219822
1103,224_1.jpg,17583,4.74946,16.99245,14.0664,35.80831,1.20E-05,9.89E-05
1104,224_10.jpg,14781,3.39679,13.70853,11.8248,28.93012,1.01E-05,7.81E-05
1105,224_2.jpg,4932,2.71838,14.47548,3.9456,21.13946,3.35E-06,7.85E-05
1106,224_3.jpg,9010,2.47881,24.63464,7.208,34.32145,6.13E-06,0.000123141
1107,224_4.jpg,132215,12.0339,25.11206,105.772,142.91796,8.99E-05,0.000168335
1108,224_5.jpg,7118,2.31222,18.00955,5.6944,26.01617,4.84E-06,9.25E-05
1109,224_6.jpg,164825,11.96921,32.48558,131.86,176.31479,0.000112102,0.00020126
1110,224_7.jpg,87707,7.55997,18.19623,70.1656,95.9218,5.97E-05,0.000117027
1111,224_8.jpg,97191,11.03928,28.92499,77.7528,117.71707,6.61E-05,0.000181031
1112,224_9.jpg,52983,4.73072,15.95985,42.3864,63.07696,3.60E-05,9.42E-05
1113,225_0.jpg,55869,5.53486,16.07738,44.6952,66.30745,3.80E-05,9.84E-05
1114,225_1.jpg,18814,3.53716,18.54964,15.0512,37.138,1.28E-05,0.000100497
1115,225_10.jpg,13709,3.46073,13.5938,10.9672,28.02173,9.32E-06,7.78E-05
1116,225_2.jpg,8849,2.58906,13.11125,7.0792,22.77951,6.02E-06,7.17E-05
1117,225_3.jpg,30592,3.64814,15.00783,24.4736,43.12957,2.08E-05,8.50E-05
1118,225_4.jpg,161539,14.0679,27.40988,129.2312,170.70898,0.000109867,0.000187849
1119,225_5.jpg,3751,1.76672,11.15488,3.0008,15.9224,2.55E-06,5.92E-05
1120,225_6.jpg,151961,10.64469,31.5567,121.5688,163.7702,0.000103353,0.000191109
1121,225_7.jpg,13917,2.9943,14.59534,11.1336,28.72324,9.47E-06,8.02E-05
1122,225_8.jpg,110439,9.06791,28.20171,88.3512,125.62082,7.51E-05,0.000168892
1123,225_9.jpg,55617,11.5393,15.35212,44.4936,71.38502,3.78E-05,0.00012214
1124,226_0.jpg,116821,10.49077,29.2788,93.4568,133.22638,7.95E-05,0.000180154
1125,226_1.jpg,9423,2.7052,11.63023,7.5384,21.87383,6.41E-06,6.56E-05
1126,226_2.jpg,8454,2.76069,15.53865,6.7632,25.06254,5.75E-06,8.34E-05
1127,226_3.jpg,156935,16.63368,45.58328,125.548,187.76496,0.000106736,0.000281275
1128,226_4.jpg,133727,11.46562,28.24148,106.9816,146.6887,9.10E-05,0.000179873
1129,226_5.jpg,13209,2.65886,14.06005,10.5672,27.28611,8.98E-06,7.63E-05
1130,226_6.jpg,110689,9.14247,27.95651,88.5512,125.65018,7.53E-05,0.000168123
1131,226_7.jpg,62686,5.51417,16.65028,50.1488,72.31325,4.26E-05,0.000100846
1132,226_8.jpg,15912,4.18795,17.92868,12.7296,34.84622,1.08E-05,0.000100631
1133,227_0.jpg,68210,9.38332,17.87639,54.568,81.82772,4.64E-05,0.0001238
1134,227_1.jpg,18689,3.58016,15.94567,14.9512,34.47703,1.27E-05,8.90E-05
1135,227_10.jpg,15191,4.14352,17.02217,12.1528,33.31849,1.03E-05,9.63E-05
1136,227_2.jpg,8078,5.18451,13.26071,6.4624,24.90762,5.49E-06,8.41E-05
1137,227_3.jpg,9157,2.59542,14.22613,7.3256,24.14716,6.23E-06,7.68E-05
1138,227_4.jpg,105338,9.09243,25.27666,84.2704,118.63949,7.16E-05,0.000155826
1139,227_5.jpg,11222,3.56014,14.86132,8.9776,27.39906,7.63E-06,8.40E-05
1140,227_6.jpg,167266,19.69427,32.84027,133.8128,186.34733,0.000113762,0.000237658
1141,227_7.jpg,24822,3.64063,12.87611,19.8576,36.37434,1.69E-05,7.54E-05
1142,227_8.jpg,94538,8.09368,27.55278,75.6304,111.27685,6.43E-05,0.00016158
1143,227_9.jpg,67049,6.14014,17.43492,53.6392,77.21426,4.56E-05,0.000107201
1144,228_0.jpg,104235,13.83561,29.87808,83.388,127.10169,7.09E-05,0.000197921
1145,228_1.jpg,40260,4.94172,15.96707,32.208,53.1168,2.74E-05,9.52E-05
1146,228_10.jpg,13456,3.03289,14.39525,10.7648,28.19294,9.15E-06,7.95E-05
1147,228_2.jpg,9492,2.6787,14.3935,7.5936,24.66581,6.46E-06,7.79E-05
1148,228_3.jpg,9171,2.86152,34.90827,7.3368,45.10658,6.24E-06,0.000171145
1149,228_4.jpg,93930,13.58751,26.76624,75.144,115.49775,6.39E-05,0.000182786
1150,228_5.jpg,11535,2.65341,14.51033,9.228,26.39175,7.85E-06,7.83E-05
1151,228_6.jpg,161640,15.10172,32.19541,129.312,176.60913,0.000109936,0.000214064
1152,228_7.jpg,23094,3.65055,13.14805,18.4752,35.2738,1.57E-05,7.67E-05
1153,228_8.jpg,91580,7.75549,27.39262,73.264,108.4121,6.23E-05,0.000159335
1154,228_9.jpg,47846,4.26427,16.44712,38.2768,58.98819,3.25E-05,9.43E-05
1155,229_0.jpg,96215,8.03508,19.61118,76.972,104.61826,6.54E-05,0.000125541
1156,229_1.jpg,34180,5.09758,21.46649,27.344,53.90807,2.32E-05,0.000120666
1157,229_10.jpg,9482,2.72442,13.478,7.5856,23.78802,6.45E-06,7.40E-05
1158,229_2.jpg,8561,3.49021,16.52403,6.8488,26.86304,5.82E-06,9.12E-05
1159,229_3.jpg,8343,7.02815,14.54824,6.6744,28.25079,5.67E-06,9.82E-05
1160,229_4.jpg,57628,7.20064,20.09554,46.1024,73.39858,3.92E-05,0.000123964
1161,229_5.jpg,27063,4.76678,40.08855,21.6504,66.50573,1.84E-05,0.000203064
1162,229_6.jpg,160770,14.12722,34.80273,128.616,177.54595,0.000109344,0.00022142
1163,229_7.jpg,21105,3.63763,14.8567,16.884,35.37833,1.44E-05,8.43E-05
1164,229_8.jpg,98404,9.63978,29.47245,78.7232,117.83543,6.69E-05,0.000177193
1165,229_9.jpg,44886,4.47066,15.98944,35.9088,56.3689,3.05E-05,9.32E-05
1166,230_0.jpg,75193,7.02512,17.52754,60.1544,84.70705,5.11E-05,0.000111605
1167,230_1.jpg,6880,4.69447,16.15254,5.504,26.351,4.68E-06,9.49E-05
1168,230_10.jpg,2105,2.79545,19.99018,1.684,24.46963,1.43E-06,0.000103645
1169,230_2.jpg,9025,6.03594,17.10456,7.22,30.3605,6.14E-06,0.000105243
1170,230_3.jpg,7855,3.36862,18.297,6.284,27.94962,5.34E-06,9.86E-05
1171,230_4.jpg,47102,5.76649,16.52502,37.6816,59.9731,3.20E-05,0.000101419
1172,230_5.jpg,24888,3.53531,15.6328,19.9104,39.07851,1.69E-05,8.73E-05
1173,230_6.jpg,153937,14.73487,32.70655,123.1496,170.59102,0.000104697,0.000214714
1174,230_7.jpg,16286,3.47599,17.49,13.0288,33.99479,1.11E-05,9.54E-05
1175,230_8.jpg,104796,8.42131,29.32984,83.8368,121.58795,7.13E-05,0.000171061
1176,230_9.jpg,39644,3.86961,19.14447,31.7152,54.72928,2.70E-05,0.000104674
1177,231_0.jpg,38771,4.23118,16.37954,31.0168,51.62752,2.64E-05,9.38E-05
1178,231_1.jpg,4575,2.56272,12.59977,3.66,18.8225,3.11E-06,6.93E-05
1179,231_2.jpg,10679,2.94173,13.56109,8.5432,25.04601,7.26E-06,7.53E-05
1180,231_3.jpg,7651,2.47444,15.28606,6.1208,23.8813,5.20E-06,8.10E-05
1181,231_4.jpg,37957,4.2523,16.75923,30.3656,51.37714,2.58E-05,9.57E-05
1182,231_5.jpg,30205,4.14166,36.24685,24.164,64.55251,2.05E-05,0.000182942
1183,231_6.jpg,151451,10.94094,30.45259,121.1608,162.55433,0.000103006,0.00018747
1184,231_7.jpg,13566,6.42755,14.53044,10.8528,31.81079,9.23E-06,9.54E-05
1185,231_8.jpg,105009,8.90325,27.06261,84.0072,119.97306,7.14E-05,0.000163019
1186,231_9.jpg,39435,4.73968,18.12455,31.548,54.41223,2.68E-05,0.000103999
1187,232_0.jpg,39627,4.18667,15.38635,31.7016,51.27462,2.70E-05,8.92E-05
1188,232_1.jpg,3719,2.71528,14.17428,2.9752,19.86475,2.53E-06,7.71E-05
1189,232_2.jpg,11102,4.56121,13.83037,8.8816,27.27318,7.55E-06,8.39E-05
1190,232_3.jpg,5777,2.28201,13.43834,4.6216,20.34195,3.93E-06,7.18E-05
1191,232_4.jpg,49827,5.68021,16.4058,39.8616,61.94761,3.39E-05,0.000100493
1192,232_5.jpg,31568,5.25328,16.2926,25.2544,46.80028,2.15E-05,9.81E-05
1193,232_6.jpg,169997,15.29744,33.648,135.9976,184.94304,0.00011562,0.000221489
1194,232_7.jpg,20891,3.1489,34.6012,16.7128,54.46289,1.42E-05,0.000171057
1195,232_8.jpg,107643,8.63207,28.54851,86.1144,123.29498,7.32E-05,0.000168491
1196,232_9.jpg,57214,9.95014,16.30448,45.7712,72.02583,3.89E-05,0.000119272
1197,233_0.jpg,67745,5.14872,15.11546,54.196,74.46018,4.61E-05,9.23E-05
1198,233_1.jpg,1490,2.37402,20.0558,1.192,23.62182,1.01E-06,0.000102042
1199,233_2.jpg,11969,4.63838,14.84421,9.5752,29.05779,8.14E-06,8.88E-05
1200,233_3.jpg,28526,3.84391,15.19522,22.8208,41.85993,1.94E-05,8.68E-05
1201,233_4.jpg,77863,7.69993,33.43621,62.2904,103.42654,5.30E-05,0.00018631
1202,233_5.jpg,35224,5.21271,17.558,28.1792,50.94991,2.40E-05,0.000103577
1203,233_6.jpg,143498,16.48188,32.40254,114.7984,163.68281,9.76E-05,0.000221215
1204,233_7.jpg,27104,4.52112,58.55619,21.6832,84.76051,1.84E-05,0.000285151
1205,233_8.jpg,119423,10.45458,32.53258,95.5384,138.52556,8.12E-05,0.000194649
1206,233_9.jpg,61895,5.71394,16.54175,49.516,71.7717,4.21E-05,0.000101257
1207,234_0.jpg,30531,3.56005,15.23336,24.4248,43.2182,2.08E-05,8.57E-05
1208,234_1.jpg,805,1.6845,11.61656,0.644,13.94506,5.48E-07,6.09E-05
1209,234_2.jpg,15834,3.20129,13.91549,12.6672,29.78398,1.08E-05,7.81E-05
1210,234_3.jpg,27516,5.81564,18.09169,22.0128,45.92013,1.87E-05,0.000108698
1211,234_4.jpg,50707,5.27142,16.52371,40.5656,62.36073,3.45E-05,9.92E-05
1212,234_5.jpg,40874,6.925,16.63742,32.6992,56.26162,2.78E-05,0.000107144
1213,234_6.jpg,198028,16.1598,41.06779,158.4224,215.64998,0.000134684,0.000258799
1214,234_7.jpg,9481,2.49433,14.45218,7.5848,24.53131,6.45E-06,7.73E-05
1215,234_8.jpg,100785,8.05689,27.37628,80.628,116.06118,6.85E-05,0.000160619
1216,234_9.jpg,74259,7.49051,19.91807,59.4072,86.81577,5.05E-05,0.00012447